nome,classe,homogeonidade_1,distancia_1,entropia_1,momentos_hu_1,homogeonidade_2,distancia_2,entropia_2,momentos_hu_2,homogeonidade_4,distancia_4,entropia_4,momentos_hu_4,homogeonidade_8,distancia_8,entropia_8,momentos_hu_8
ROI_08_5.jpg,saudavel,0.0672154790470238,1.0,13.0972052967237,"[0.04669318533300235, 0.0014148694145663528, 1.7394427466529438e-05, 1.9452645495440474e-05, 3.578269756031137e-10, 7.317063963748838e-07, 0.0]",0.0845337443144886,2.0,13.722808754493194,"[0.03244896040800202, 0.0003852220680645603, 6.397232872312379e-06, 6.99346825676174e-06, 4.6777282924541025e-11, 1.3726132509638035e-07, 0.0]",0.0540713696340469,4.0,15.06782092215434,"[0.02229671853805672, 8.358637320704e-05, 1.2989584240857722e-06, 2.111693235109113e-06, 3.4973884250039867e-12, 1.9306278622043775e-08, 0.0]",0.0268307293424341,8.0,15.404390898329169,"[0.021577020308951856, 2.533083799510815e-05, 6.475395367823238e-09, 1.048777674814567e-06, -8.642876277803425e-14, 5.27847188504895e-09, 0.0]"
ROI_54_0.jpg,esteatose,0.140892766883139,1.0,12.614408019660743,"[0.006593481783803258, 2.314509298855545e-05, 1.58082680356743e-09, 1.6028990528985602e-09, 2.5515342590523207e-18, 7.711442724312054e-12, 0.0]",0.1289510273177957,2.0,13.347232228136258,"[0.006076091483550692, 8.22306117904675e-06, 1.100151571866087e-10, 3.7294407273309965e-10, 7.554258216819836e-20, 1.0694499633318745e-12, 0.0]",0.0834316941364039,4.0,14.762838677081396,"[0.0037747863993173557, 7.294069141898108e-07, 2.4120133783690675e-10, 3.402952011269298e-11, 3.0830004859176074e-21, 2.906302145834868e-14, 0.0]",0.0688637801960483,8.0,15.156709523045429,"[0.003513522779721364, 7.36042225236907e-11, 5.1291330797799755e-11, 6.768427784949184e-11, -3.987986533196939e-21, 5.806830702785818e-16, 0.0]"
ROI_54_1.jpg,esteatose,0.1385637273977362,1.0,12.424213781748747,"[0.008773874242312234, 3.9654856458216505e-05, 1.606746068466255e-10, 1.268724583174728e-09, 5.7282855020408975e-19, 7.989425401796304e-12, 0.0]",0.1182336259269263,2.0,13.198197004214986,"[0.00493935101664777, 5.040034619159352e-06, 5.229301826080841e-10, 2.5504700129929193e-11, -2.9454536104702453e-21, 5.725810643170389e-14, 0.0]",0.0875149324278081,4.0,14.617395547143436,"[0.004217688110692608, 8.115977777263293e-07, 5.438858733347965e-10, 1.5362874620861506e-11, 1.4043088044612318e-21, 1.3840217362071875e-14, 0.0]",0.0836527449780346,8.0,15.025672166773331,"[0.003585126443588387, 1.2711117521769749e-08, 5.1545300044725475e-11, 9.965365355244649e-11, -7.142238928005566e-21, -1.123531085066779e-14, 0.0]"
ROI_54_2.jpg,esteatose,0.1374395600549441,1.0,12.532471646227446,"[0.009249314411694057, 4.504594707911266e-05, 1.4551686577006178e-08, 2.08250168635733e-08, 3.62522284962798e-16, 1.3976976111385222e-10, 0.0]",0.1272973106356758,2.0,13.26789580745377,"[0.00485162221684146, 5.115868926220603e-06, 1.534963169909583e-10, 1.5712753024623348e-09, 7.716625185996399e-19, 3.5539555254140412e-12, 0.0]",0.0814768927774829,4.0,14.692519133952214,"[0.004626927277112236, 5.958413582775829e-07, 2.4046897023654877e-11, 4.528237452668897e-10, -4.7252338931041e-20, 3.4953809493137225e-13, 0.0]",0.0891709112662173,8.0,15.10183473866762,"[0.0040526791962151735, 2.0718464798396293e-10, 3.1826855299009205e-11, 2.7685204501559485e-11, -8.218044121234361e-22, -3.9849834471198927e-16, 0.0]"
ROI_54_3.jpg,esteatose,0.1328267442737285,1.0,12.622394985937737,"[0.0353344236990634, 0.0006853658794598568, 2.504652749667573e-06, 5.0122331907423765e-06, 1.7759088173697446e-11, 1.312177261938066e-07, 0.0]",0.1071198838347175,2.0,13.39291320156883,"[0.018569798497922063, 7.984679166474349e-05, 8.57339882949148e-11, 3.811735105555465e-07, -2.1790168149087393e-15, 3.406053357733231e-09, 0.0]",0.0682250985470274,4.0,14.787953071825784,"[0.01216102773884554, 6.985463822960192e-06, 8.73559320886598e-08, 4.12052700660834e-08, -2.4721530166404895e-15, 1.0890564433209577e-10, 0.0]",0.0521105377988119,8.0,15.166148188405018,"[0.008873081284872767, 3.967683231136803e-07, 6.738991573125313e-09, 1.8184279788488146e-08, -2.0129899844089828e-16, 1.1454195752483151e-11, 0.0]"
ROI_54_4.jpg,esteatose,0.1229723041890034,1.0,12.711840325026833,"[0.010212327757754382, 4.793877011415903e-05, 6.896314526189682e-08, 1.2696297648828362e-07, 1.1880211526217688e-14, 8.790640898320016e-10, 0.0]",0.1054286416120077,2.0,13.40334456541527,"[0.007551908852826022, 7.719316078012013e-06, 4.6982981439696176e-11, 2.995115474773212e-08, -3.552962656511295e-17, 8.321526164675587e-11, 0.0]",0.0897719010767404,4.0,14.77703460020013,"[0.006310132251513397, 2.4281948697422727e-07, 2.0191773874585937e-08, 8.253145380200955e-09, -1.0654092915179176e-16, 4.066879118932454e-12, 0.0]",0.070443558684463,8.0,15.158781846268589,"[0.00591017724436326, 3.5797923180592035e-07, 3.909795198939821e-09, 8.663007855609991e-09, -5.0417356030445265e-17, 5.183195908199125e-12, 0.0]"
ROI_54_5.jpg,esteatose,0.1070173304423951,1.0,12.644054494227284,"[0.01069879877058125, 5.338887219165718e-05, 2.4123892425983993e-08, 6.359886049462643e-08, 2.4911374648280076e-15, 4.647021778248417e-10, 0.0]",0.1040048196401833,2.0,13.36408612719932,"[0.006526495560042017, 5.978577448925993e-06, 2.26762718747939e-09, 6.3341537482939715e-09, -2.4005940689273146e-17, 1.5487721500589737e-11, 0.0]",0.0686112928179659,4.0,14.739468265225652,"[0.004856199914480524, 9.753036046755297e-08, 5.802195181664466e-09, 1.7427942582972629e-09, -5.541985022341536e-18, 5.442720532260311e-13, 0.0]",0.0672398578013804,8.0,15.102584635701758,"[0.004298436528639988, 2.0748242853267484e-09, 1.7682015378437426e-09, 1.6329031620055817e-09, -2.7746392595668855e-18, 7.437912951492563e-14, 0.0]"
ROI_54_6.jpg,esteatose,0.0993397608696567,1.0,12.674852590707776,"[0.024770239838561175, 0.0002593755760717416, 6.688241189015766e-08, 1.5971975521863317e-07, 1.6507979350296952e-14, 2.572309225100525e-09, 0.0]",0.1034649450838574,2.0,13.400654599351318,"[0.010552452298460595, 1.258719283159667e-05, 6.43349264817339e-09, 1.4452178335407708e-08, 1.3935526210870931e-16, 5.127406560574039e-11, 0.0]",0.0614368271291303,4.0,14.762432090897486,"[0.0082215259231253, 3.9177650188584346e-07, 6.598418988514374e-10, 4.607911253542781e-09, -8.034819109083059e-18, 2.884186224601345e-12, 0.0]",0.0702279253319644,8.0,15.130079723154925,"[0.008834875054418684, 2.1976487385462685e-08, 2.2851601945219084e-09, 3.2417033186007553e-09, -8.823039501831847e-18, 4.805652955811768e-13, 0.0]"
ROI_54_7.jpg,esteatose,0.1081151000285641,1.0,12.61405698697357,"[0.008522322733653574, 3.057374006724874e-05, 1.0057142396322048e-09, 9.171508571246771e-10, 8.808429120499841e-19, 5.071250467487726e-12, 0.0]",0.0837909465285392,2.0,13.322671495080863,"[0.005427492743551542, 3.3287349004829206e-06, 5.329657346633343e-10, 3.5023203084393956e-12, 1.5131550716567584e-22, 6.3899206797923144e-15, 0.0]",0.0652165150638501,4.0,14.702332794873318,"[0.0048336234242243965, 4.115643361298344e-07, 1.0479875510840536e-10, 1.5376495883381997e-12, 1.951929493756539e-23, 9.864526490060487e-16, 0.0]",0.0679971127124518,8.0,15.09582014656857,"[0.0034701136394604455, 1.5300271635342673e-08, 1.5170298578486482e-11, 1.7761263669481725e-11, 2.915465164034803e-22, 2.1969664867618306e-15, 0.0]"
ROI_54_8.jpg,esteatose,0.0912595174643811,1.0,12.747919078643012,"[0.009582623811480572, 3.975747155730743e-05, 6.845083898056209e-09, 2.1080434762619917e-08, 2.532262554897708e-16, 1.3291957438531318e-10, 0.0]",0.0895806289663732,2.0,13.464506312859712,"[0.006959652941003522, 6.0136833538693605e-06, 3.2904017836778264e-09, 1.9825475314199878e-09, -5.063605680510137e-18, 4.861764148546789e-12, 0.0]",0.0678001502290326,4.0,14.829202583355936,"[0.005532040817773223, 3.6442516001993133e-07, 8.283442738579734e-10, 2.434620064247591e-10, -1.0933324356917283e-19, 1.469722603366598e-13, 0.0]",0.051688629210699,8.0,15.193710164657553,"[0.004929256755693439, 1.330778586108964e-08, 1.202814648206639e-10, 1.0494734772235324e-10, 1.1791160616288066e-20, 1.210666065071712e-14, 0.0]"
ROI_54_9.jpg,esteatose,0.1081702533003819,1.0,12.599187638567896,"[0.007508794784051125, 2.2994194541560467e-05, 2.395605903147817e-09, 9.081642993811526e-09, 4.2359841408680576e-17, 4.354853264303612e-11, 0.0]",0.1086430807107912,2.0,13.300597033942791,"[0.00601906366337106, 3.478642545559845e-06, 1.259388110564352e-09, 1.6865711356066118e-09, -2.458027795664991e-18, 3.1456439612456523e-12, 0.0]",0.0770546597925547,4.0,14.68349405936474,"[0.005331591111229507, 7.892703217870959e-08, 6.460954075866173e-10, 9.54350902215734e-10, -7.493944280439582e-19, 2.681149154301057e-13, 0.0]",0.0579866573026689,8.0,15.049183355768724,"[0.0052823747728354435, 3.5374026810272e-08, 1.239036848990553e-10, 1.8559667343493858e-09, -8.9001513695317e-19, 3.49069929381653e-13, 0.0]"
ROI_53_0.jpg,esteatose,0.1260317023133098,1.0,12.785118192372153,"[0.016141104136154823, 0.00012687422599562656, 2.196930160430998e-08, 2.8608825594630273e-07, 2.2680789651121113e-14, 3.2224540482938294e-09, 0.0]",0.1297766408196471,2.0,13.529473422699928,"[0.010719117680662922, 1.74367247491157e-05, 2.4622987817472292e-08, 5.059926454329155e-08, -1.786021496658638e-15, 2.1128888944691555e-10, 0.0]",0.0677146529796816,4.0,14.868227206106468,"[0.007074161661883896, 1.7305839620072053e-06, 4.7069204394722745e-09, 1.9141345702474638e-08, -1.8168837018099506e-16, 2.518075828808494e-11, 0.0]",0.0376962171135934,8.0,15.24689424104061,"[0.006835112629232798, 5.492279730568734e-07, 2.3987046973376934e-09, 2.0589389166966888e-08, -1.446950207610956e-16, 1.5258779129128193e-11, 0.0]"
ROI_53_1.jpg,esteatose,0.1103935750952044,1.0,12.819663121062034,"[0.013353014492014852, 0.00011532043268230698, 2.7309162234274714e-08, 3.249772688621479e-08, 9.681299719645798e-16, 3.489844820995795e-10, 0.0]",0.1225828415925409,2.0,13.516732218991583,"[0.008656198631732906, 3.0505655724360156e-05, 5.045153120038847e-09, 8.16393075408548e-09, 5.239455358321184e-17, 4.5090961357076476e-11, 0.0]",0.0688358834497589,4.0,14.91553854290346,"[0.006223884906235267, 8.050516170726843e-06, 1.1557581879782928e-10, 2.670567497502384e-09, 1.483675167967307e-18, 7.57731640500438e-12, 0.0]",0.0531639708897565,8.0,15.286990528720732,"[0.0048727178105811425, 2.443772814348157e-06, 2.162792603391632e-11, 1.6515328766014683e-09, -3.121319841359912e-19, 2.5817705235692632e-12, 0.0]"
ROI_53_2.jpg,esteatose,0.1649385113607324,1.0,12.68778453388984,"[0.020179737461224305, 0.00028529366497408317, 3.6678249664101924e-07, 6.081997498325888e-07, 2.8725900837267653e-13, 1.0272882038851864e-08, 0.0]",0.1396868042080583,2.0,13.394675264644818,"[0.018373191733603574, 0.00015033669702865291, 2.1250641881112343e-08, 3.014664351411728e-07, 2.412928618557301e-14, 3.6963362172216866e-09, 0.0]",0.0925326862251232,4.0,14.816871317040572,"[0.012317434415096628, 2.7432722101079714e-05, 1.5537528706764144e-08, 5.3985726564536583e-08, -1.56354144647675e-15, 2.827570243924733e-10, 0.0]",0.0770728444126402,8.0,15.199589519048097,"[0.011364198181841445, 8.624023804171897e-07, 1.1919102197323212e-08, 3.41529308766799e-08, -6.890706315026308e-16, 3.171633179048917e-11, 0.0]"
ROI_53_3.jpg,esteatose,0.1293526327317437,1.0,12.621662738220124,"[0.015810811954088778, 0.0001555997592133748, 5.637101888079662e-07, 7.988207462545091e-07, 5.3604585907602e-13, 9.964460633750094e-09, 0.0]",0.1415269099548561,2.0,13.335223742393891,"[0.015385533313336709, 8.469600069486783e-05, 1.5586048952177928e-07, 6.119114467344878e-07, 1.8897349013004976e-13, 5.631447364302916e-09, 0.0]",0.0835365272999637,4.0,14.74011967701514,"[0.010818353847313436, 2.028595733094294e-05, 3.033759918342965e-09, 1.4378556046019007e-07, -3.0030565920959207e-15, 6.47609227837413e-10, 0.0]",0.0676559254156676,8.0,15.147280737378788,"[0.00769337823742076, 2.6739380311729687e-06, 2.2045256466896606e-08, 3.045483532846386e-08, -7.89118020553592e-16, 4.9800296067579436e-11, 0.0]"
ROI_53_4.jpg,esteatose,0.1386713425752855,1.0,12.577504116206336,"[0.013974397490594077, 0.000112950531213949, 5.669111160616862e-07, 8.81084423821805e-07, 6.227070346059661e-13, 9.364005552825012e-09, 0.0]",0.1375400503558232,2.0,13.276950660409028,"[0.006464989248053616, 1.3130527297939112e-05, 2.4572159587120945e-08, 7.078566419398025e-08, 2.9521582280418746e-15, 2.56499424439197e-10, 0.0]",0.0771898272697951,4.0,14.709868669438992,"[0.006781932003399695, 7.803542074472657e-06, 4.902780496267762e-09, 6.133363896644532e-08, 1.0635779464241316e-15, 1.7133442073031188e-10, 0.0]",0.0624674053961627,8.0,15.113755547387388,"[0.006893273800276495, 1.1581180988934927e-06, 2.0336354629362005e-09, 4.5517591184532344e-08, -4.379307688599916e-16, 4.898416341543187e-11, 0.0]"
ROI_53_5.jpg,esteatose,0.1109515278197416,1.0,12.829998943166595,"[0.014876196178329748, 0.0001279979884078063, 4.4101993283030953e-07, 6.512222788310679e-07, 3.489980367792807e-13, 7.36768113642463e-09, 0.0]",0.1259939004491744,2.0,13.560439102493705,"[0.009183595037795002, 2.2260190811290027e-05, 2.236216753835042e-08, 1.0947100190481431e-07, 5.416335875006329e-15, 5.16491922887013e-10, 0.0]",0.0739414455097551,4.0,14.935227861943297,"[0.009154486412647588, 8.251322645173028e-06, 3.990253686693928e-09, 5.989278804560729e-08, -9.25895661472732e-16, 1.7204272584273466e-10, 0.0]",0.0638818688624625,8.0,15.281520481979936,"[0.008663487381260394, 8.195244726624627e-07, 2.5575247989990296e-08, 2.9232516100953313e-08, -7.992989143794959e-16, 2.6463492605776194e-11, 0.0]"
ROI_53_6.jpg,esteatose,0.1261850156139342,1.0,12.774291015198816,"[0.019177241446034905, 0.00020095997638490363, 2.018481696334661e-06, 3.543422343754258e-06, 9.47647424980715e-12, 5.023168017263543e-08, 0.0]",0.125930061311237,2.0,13.45479898987788,"[0.014179466405760708, 4.6196418034087736e-05, 5.272414057879627e-08, 9.127734371304352e-07, 2.002392658257325e-13, 6.203933649054728e-09, 0.0]",0.0888624249307438,4.0,14.834088399070891,"[0.010633405428285267, 1.1783373578766926e-05, 6.929812792875245e-08, 2.196506918486848e-07, -2.7099396200624198e-14, 7.539931474891137e-10, 0.0]",0.0534198357381441,8.0,15.218126411238568,"[0.011258522865541265, 1.4325042176496798e-06, 1.9102734049817332e-07, 1.5068169639924147e-07, -2.5564571405054687e-14, 1.803468061437357e-10, 0.0]"
ROI_53_7.jpg,esteatose,0.1312902893482451,1.0,12.81989089418837,"[0.012799272282700587, 9.946926785738802e-05, 5.012380750388444e-07, 5.983243033448555e-07, 3.276626900760493e-13, 5.967344413638909e-09, 0.0]",0.1282342351742744,2.0,13.490544765157088,"[0.010392531503476918, 3.073761229762005e-05, 1.22198210905665e-07, 2.4933640263110207e-07, 4.352221175585964e-14, 1.3823587106601077e-09, 0.0]",0.0820258793099483,4.0,14.887320477717711,"[0.0094128670600925, 9.270713434058337e-06, 2.8617966719877444e-09, 1.1960333219457636e-07, 2.2127599703911126e-15, 3.641663873855554e-10, 0.0]",0.0468662590213559,8.0,15.252240814564212,"[0.009039730334006166, 9.560572830423813e-07, 7.58670709418122e-09, 8.42827180387496e-08, -2.131250301390761e-15, 8.241010924538651e-11, 0.0]"
ROI_53_8.jpg,esteatose,0.156899914681275,1.0,12.570561440457803,"[0.01807857278123213, 0.00021436734553839727, 2.0785601052372932e-06, 2.668472976765762e-06, 6.28456912390781e-12, 3.906988421984471e-08, 0.0]",0.1611647077734866,2.0,13.28033595962582,"[0.00990167890238828, 3.694115174945758e-05, 1.1829655704033915e-07, 3.3158115898072357e-07, 6.567057520464505e-14, 2.0153248549770464e-09, 0.0]",0.1085000263914974,4.0,14.710892848890468,"[0.007693194690690371, 1.0443733003066796e-05, 1.0668836281756686e-09, 1.0826711987536204e-07, 1.16359916545566e-15, 3.4988430706433627e-10, 0.0]",0.0737777980928767,8.0,15.13029755665344,"[0.00958327380693812, 1.5733785325942985e-06, 5.877025145032267e-08, 1.3414056840734829e-07, -1.1910198176365056e-14, 1.6825839907915967e-10, 0.0]"
ROI_53_9.jpg,esteatose,0.162463131513936,1.0,12.595124127774614,"[0.009858454045432622, 6.162602682302768e-05, 1.4691809892541465e-07, 2.045240521698322e-07, 3.5453101420288625e-14, 1.605559752833592e-09, 0.0]",0.1397169984705257,2.0,13.320117505607769,"[0.011126073561490236, 4.637026277000051e-05, 7.415061143441082e-08, 2.35571563855891e-07, 3.113448352457563e-14, 1.6041413859326392e-09, 0.0]",0.0863743602337707,4.0,14.73314269185725,"[0.006778092764335108, 9.846001579427514e-06, 1.8848553054795435e-10, 3.5699541808274385e-08, 9.260468768065586e-17, 1.1201923247452117e-10, 0.0]",0.0790755176869773,8.0,15.155960524424128,"[0.005970440785621567, 1.4510844539935608e-06, 8.999812835900976e-09, 1.161240407878137e-08, -1.187134559825402e-16, 1.3988414230479291e-11, 0.0]"
ROI_52_0.jpg,esteatose,0.1421122428250563,1.0,12.461715593914596,"[0.018068626247944232, 0.00017528912530878014, 1.182313744541868e-06, 1.3528908256253088e-06, 1.7110413171035478e-12, 1.791184154523013e-08, 0.0]",0.1159252642438501,2.0,13.16828541297486,"[0.012381368621083593, 3.8783650091867245e-05, 1.8409182607300345e-07, 3.835091300452815e-07, 1.0190155564238166e-13, 2.388361421028624e-09, 0.0]",0.090928118521159,4.0,14.573673909665295,"[0.011761264029006617, 1.600085726652387e-05, 8.268876237282663e-09, 1.9551546843650664e-07, -7.86131013894606e-15, 7.82082824573647e-10, 0.0]",0.0809241144358623,8.0,15.015279070869058,"[0.010178961263441947, 4.734902835409937e-06, 5.8372267833219955e-08, 1.0724555101867543e-07, -8.485397869520966e-15, 2.3336451602787677e-10, 0.0]"
ROI_52_1.jpg,esteatose,0.1390101895010443,1.0,12.594842269461438,"[0.01020086811557559, 5.671097738046327e-05, 4.4353342808161067e-07, 5.908464728049484e-07, 3.0246501554891915e-13, 4.449469286845954e-09, 0.0]",0.1117001626183171,2.0,13.283058932374654,"[0.008934714842585541, 1.7861992810024466e-05, 7.451865540725963e-08, 3.015035516357677e-07, 4.519299812452868e-14, 1.2742580547258728e-09, 0.0]",0.0789897776673674,4.0,14.681270526701628,"[0.011214881317354616, 1.1597366101535603e-05, 8.14722698316509e-09, 4.296313359037716e-07, -2.541843646581083e-14, 1.4631054679911991e-09, 0.0]",0.0694587445441241,8.0,15.077765301275464,"[0.007498224595950118, 1.6734545262079933e-06, 1.938504549322921e-08, 1.1097492908623292e-07, -5.147196242845479e-15, 1.4355946590763407e-10, 0.0]"
ROI_52_2.jpg,esteatose,0.1263182782458875,1.0,12.713732578049491,"[0.011964963268548363, 7.295730330205044e-05, 6.423677932682604e-07, 7.822962897431511e-07, 5.545603114190218e-13, 6.681987470525299e-09, 0.0]",0.1085046834579134,2.0,13.422799381826197,"[0.008478682039962715, 1.4962533194676757e-05, 7.714828883661208e-08, 2.217485693224585e-07, 2.900376573732232e-14, 8.57755260060432e-10, 0.0]",0.0630343010733013,4.0,14.7731213092807,"[0.008575718351429172, 5.828193461559687e-06, 1.5380011116548282e-09, 1.483613148464044e-07, -2.241090192697055e-15, 3.5816871867843654e-10, 0.0]",0.0702422224578397,8.0,15.17125129224555,"[0.008678355810923126, 2.306090794948303e-06, 6.779329025951914e-08, 1.2281037216802685e-07, -1.1205878965994e-14, 1.8649760054054329e-10, 0.0]"
ROI_52_3.jpg,esteatose,0.1428531768355705,1.0,12.805914654914613,"[0.02613189179670997, 0.00042907160429413513, 2.03862877276039e-06, 2.6582609156885287e-06, 6.18821627396083e-12, 5.506333263809644e-08, 0.0]",0.1169417129025821,2.0,13.54803107750183,"[0.01674887226710992, 9.241143288753167e-05, 1.2143133497861892e-07, 4.920756818368819e-07, 1.2028548929641488e-13, 4.730366115314347e-09, 0.0]",0.0646889322158505,4.0,14.906872597111755,"[0.010955510113275018, 1.2222059165204146e-05, 4.748161233396164e-08, 5.17842613415744e-08, -2.567789434811673e-15, 1.8103809734068169e-10, 0.0]",0.0673759394253342,8.0,15.278933644662605,"[0.011235579137621776, 1.7991714109021313e-06, 1.2567169698048386e-07, 3.720089869898624e-08, -2.543600415753021e-15, 4.9898754143585974e-11, 0.0]"
ROI_52_4.jpg,esteatose,0.1309722590860079,1.0,12.911007853727702,"[0.013342435194997128, 0.00011975107681489003, 4.6887923117111587e-07, 5.567179741744583e-07, 2.844352142621009e-13, 6.092211285657742e-09, 0.0]",0.0867273420543835,2.0,13.608207544569376,"[0.00950436093535005, 3.663258218519375e-05, 7.27582496489222e-08, 1.566249533003137e-07, 1.6719856783301807e-14, 9.47970277646552e-10, 0.0]",0.0605660782821073,4.0,14.974457347816756,"[0.005523686413725546, 5.483669735234559e-06, 3.739820745497075e-11, 1.7455918446690072e-08, -1.4103907453518062e-17, 4.0876937365700414e-11, 0.0]",0.059111902429212,8.0,15.34383569248095,"[0.005492436665655463, 5.994653214685748e-07, 1.4256596846332583e-08, 9.207240241710873e-09, -1.0548777865785489e-16, 7.1287191887537965e-12, 0.0]"
ROI_52_5.jpg,esteatose,0.1245998152044874,1.0,12.717488650217597,"[0.02094447494010242, 0.0002826802945679143, 3.3832198864111515e-06, 3.859269030089089e-06, 1.3945134069900364e-11, 6.48862718784815e-08, 0.0]",0.109217162001289,2.0,13.439740868594996,"[0.01402004856817439, 7.111447711211758e-05, 5.596514046220585e-07, 9.464591093436075e-07, 6.88829253002346e-13, 7.981432885393069e-09, 0.0]",0.0840372235309757,4.0,14.818041262719984,"[0.010909182186887568, 1.8607531389473622e-05, 1.0400905285621915e-08, 2.929737148623214e-07, 1.6172552052028333e-14, 1.2637845392382774e-09, 0.0]",0.0622181064928281,8.0,15.215640998390857,"[0.008334139931923114, 2.8505133690592976e-06, 3.8261013190256016e-08, 7.711917298554817e-08, -4.1891101365565274e-15, 1.3020387357428902e-10, 0.0]"
ROI_52_6.jpg,esteatose,0.1356669964453951,1.0,12.858629950698017,"[0.02087210789526882, 0.0003045253850216575, 5.063556058111846e-07, 6.26851214047506e-07, 3.5316244769274284e-13, 1.093896472335488e-08, 0.0]",0.0979354094331312,2.0,13.558505506021737,"[0.016535519759251553, 0.00012068507909870218, 8.790858153012262e-08, 2.460521366463051e-07, 3.618731386671151e-14, 2.7030490738250055e-09, 0.0]",0.0643420849276995,4.0,14.950938052793974,"[0.008731856010530873, 1.292324904958362e-05, 3.85751605678294e-09, 1.8154001981165454e-08, -1.5191912102602412e-16, 6.526167789880715e-11, 0.0]",0.0472913476548885,8.0,15.317112220652566,"[0.006931848531989329, 1.394811911160775e-06, 2.4238448222794562e-08, 2.6170006426493134e-09, -2.084290024946426e-17, 3.0907341659648876e-12, 0.0]"
ROI_52_7.jpg,esteatose,0.1137793071176653,1.0,12.8771078939701,"[0.015397322626279344, 0.00015536580972212705, 4.0926298367363267e-07, 4.7383889029251786e-07, 2.0866388395998983e-13, 5.90620380333994e-09, 0.0]",0.107367994955361,2.0,13.569460091636754,"[0.009779200731787278, 3.591444930841647e-05, 4.7244180736387826e-08, 1.0435011332865038e-07, 7.326786705765601e-15, 6.253563021089533e-10, 0.0]",0.0751658136058165,4.0,14.937548060023644,"[0.009468824913329768, 1.1923231784152902e-05, 2.258044347117537e-09, 5.957453734530713e-08, -6.909669119468561e-16, 2.0571107400051026e-10, 0.0]",0.0688282301496181,8.0,15.297928969686046,"[0.007796468566281557, 1.0904673732737391e-06, 4.7378348962363737e-08, 1.1752578251266716e-08, -2.773254257818286e-16, 1.227268223312198e-11, 0.0]"
ROI_52_8.jpg,esteatose,0.1054871641296558,1.0,12.993952165176722,"[0.025424579684745995, 0.0003978553835413643, 7.7460645892425e-08, 8.208499592678314e-08, 6.545400547069237e-15, 1.6372929827730753e-09, 0.0]",0.0902843206926201,2.0,13.663808360798454,"[0.021674492937645885, 0.00014472525299768222, 3.1478810453928695e-09, 3.623024525425887e-08, 3.8691544571028056e-16, 4.358564052295037e-10, 0.0]",0.0638183140318042,4.0,15.010987742073684,"[0.016347500755706852, 1.997604963297731e-05, 1.0031727911712369e-08, 9.438476619384028e-09, -9.184187229464502e-17, 4.2184869363998195e-11, 0.0]",0.0481954937521704,8.0,15.373462325120515,"[0.01642107582770487, 1.4659060736343367e-07, 1.8213097697143265e-07, 4.0891888688628733e-10, 3.5289675386719444e-18, 1.5656339926936083e-13, 0.0]"
ROI_52_9.jpg,esteatose,0.0946445177857195,1.0,12.925096773237668,"[0.008391306933340632, 4.008112183473771e-05, 1.3663998469161956e-08, 1.827123942052743e-08, 2.88696098717719e-16, 1.1567458305507167e-10, 0.0]",0.1015437818934929,2.0,13.576833486173776,"[0.006753563372351652, 1.2625944666405324e-05, 5.729890964944761e-10, 5.291298217437975e-09, 9.21332810357391e-18, 1.8801572767786807e-11, 0.0]",0.0551174211699008,4.0,14.958772823445862,"[0.005769691722919137, 2.314961809231566e-06, 2.9323811938332078e-09, 7.464617297547667e-10, -1.1043876287493626e-18, 1.1357414136993723e-12, 0.0]",0.0729699556640721,8.0,15.329572843742008,"[0.00679713968946236, 2.4625119270750116e-07, 1.7018919835082503e-08, 1.3801241937933446e-10, -2.1151601227266723e-19, 6.848687348031334e-14, 0.0]"
ROI_51_0.jpg,esteatose,0.1139221095177361,1.0,12.527697495494849,"[0.021021821440296663, 0.0002476679256488818, 3.779406367549264e-06, 8.539661028243533e-06, 4.851463223418481e-11, 1.3439264937926006e-07, 0.0]",0.1258526898525061,2.0,13.258047555876672,"[0.015680944087351684, 6.074626317512478e-05, 2.191227966913035e-09, 2.1395403758687395e-06, 1.4649557644379542e-13, 1.6675553968321216e-08, 0.0]",0.0778524699064319,4.0,14.695893763236658,"[0.014436593138618357, 1.7135653135357848e-05, 3.9741139379735185e-07, 1.1010066624443318e-06, -7.282912255166761e-13, 4.557642730531041e-09, 0.0]",0.0934796095271937,8.0,15.11497312248706,"[0.014055448730634246, 3.978697215051989e-06, 6.595892716435965e-07, 8.090986966822368e-07, -5.910701726497495e-13, 1.613882627027299e-09, 0.0]"
ROI_51_1.jpg,esteatose,0.1247132845352023,1.0,12.522543058678377,"[0.02330747437328985, 0.0003121744314482725, 2.912669146223847e-06, 6.841715691706911e-06, 3.0541693344693684e-11, 1.2088257086784583e-07, 0.0]",0.1319334347621376,2.0,13.29795518912411,"[0.014628788495194743, 5.132242929839082e-05, 6.0116004198040045e-09, 9.702052037809525e-07, -7.409526447894225e-14, 6.950518477614326e-09, 0.0]",0.1032374651699341,4.0,14.71217926892452,"[0.012596978321919732, 5.861878739500292e-06, 4.588351248498667e-07, 3.3145558950565894e-07, -1.292606540446496e-13, 8.024976369995623e-10, 0.0]",0.0841187097844836,8.0,15.147976679919063,"[0.01189573187143023, 1.4264017489544998e-06, 5.139681478306485e-07, 1.7026870622922318e-07, -5.036981511777001e-14, 2.0335542718927522e-10, 0.0]"
ROI_51_2.jpg,esteatose,0.151578514084073,1.0,11.987966490403752,"[0.024854690454900862, 0.00032131611410390247, 1.2759415354107624e-05, 2.043832117408968e-05, 3.3005264450660595e-10, 3.6636288690398977e-07, 0.0]",0.1535275228916448,2.0,12.718806275925186,"[0.017976168622145093, 7.725637052316283e-05, 9.53606405395585e-07, 5.711240917945077e-06, 1.332847005082274e-11, 5.019929651922058e-08, 0.0]",0.0944329284980124,4.0,14.15021263677053,"[0.016099728610366557, 2.776640201224675e-05, 8.4694781025365e-08, 2.7348297369029083e-06, -1.316205693287623e-12, 1.4410866572138954e-08, 0.0]",0.0941426618200361,8.0,14.60124532428759,"[0.01197518745627604, 1.6283082310816805e-06, 5.475903534155819e-07, 6.878754352655088e-07, -4.2217508097061214e-13, 8.777646967256543e-10, 0.0]"
ROI_51_3.jpg,esteatose,0.1349425365078267,1.0,11.954654606707956,"[0.013985031985368811, 9.306060703290386e-05, 2.2392454277826985e-06, 3.1293608857108533e-06, 8.2838899931599e-12, 3.018829536452856e-08, 0.0]",0.1475893604919146,2.0,12.710360843486484,"[0.01272591324043497, 3.765861502196799e-05, 3.296559210655958e-07, 1.6791160613474399e-06, 1.24925620164719e-12, 1.0304166977502753e-08, 0.0]",0.1095516461373417,4.0,14.130247918797116,"[0.012809400669323047, 1.3968805396402891e-05, 5.803572395613788e-08, 1.0367554432346483e-06, -2.5430926897097293e-13, 3.874859481035384e-09, 0.0]",0.114441333632614,8.0,14.593820698959965,"[0.01169025820241064, 2.3695772538821722e-06, 2.2443952947725375e-07, 6.125936347105973e-07, -2.2714772661139814e-13, 9.42991799492658e-10, 0.0]"
ROI_51_4.jpg,esteatose,0.1158119742184983,1.0,12.403579160859756,"[0.011796222278611053, 7.734587352975192e-05, 1.08119145977483e-06, 1.6304197643377038e-06, 2.164713623038928e-12, 1.4338971635304606e-08, 0.0]",0.1372902553688484,2.0,13.154727820417897,"[0.008613321199290555, 1.9497117484593766e-05, 1.0125605772414571e-07, 4.5470974042185193e-07, 9.756900889414257e-14, 2.0077954315753354e-09, 0.0]",0.0896519721342403,4.0,14.551929785330357,"[0.006433393284570601, 1.883225132952651e-06, 1.526323136729859e-08, 1.0041158849372754e-07, -3.930963399026162e-15, 1.3779547567540293e-10, 0.0]",0.0742650123349096,8.0,14.97160859130955,"[0.006287961587941384, 1.460358048661935e-07, 6.384772248746766e-08, 7.145606081687047e-08, -4.826488898654949e-15, 2.730667021321496e-11, 0.0]"
ROI_51_5.jpg,esteatose,0.130191011784602,1.0,12.559670653780111,"[0.010074571444024662, 5.250416229487801e-05, 1.0716024686241074e-07, 1.6808167421081924e-07, 2.2557834219702498e-14, 1.217915708968278e-09, 0.0]",0.140047824765902,2.0,13.25451590428278,"[0.010076362594721675, 2.4710118183441416e-05, 2.3744787567530544e-08, 1.11756245259721e-07, 5.7569419120951014e-15, 5.555321700748957e-10, 0.0]",0.0884991220470572,4.0,14.646907245414631,"[0.0053951456395320285, 1.871205375309949e-06, 1.771721556997664e-09, 8.728069689956687e-09, -3.4322194064372616e-17, 1.1939301884375596e-11, 0.0]",0.0857813107580788,8.0,15.028732708164643,"[0.005543249297456879, 3.40084947911495e-07, 5.333734661820741e-09, 8.66848750485712e-09, -5.894279079297164e-17, 5.055184756741538e-12, 0.0]"
ROI_51_6.jpg,esteatose,0.1506195576974168,1.0,12.344808326929858,"[0.008059943383214545, 3.431902024800787e-05, 1.6571614135465413e-07, 2.1753687031064846e-07, 4.130301169360301e-14, 1.2743840185710017e-09, 0.0]",0.1520232769312327,2.0,13.063876442390532,"[0.006214251557862663, 9.899904221731232e-06, 3.11631904272263e-08, 8.137456575088322e-08, 4.097830426369589e-15, 2.56037855189194e-10, 0.0]",0.0993915792862811,4.0,14.46808359965957,"[0.005715861514262059, 1.6121399037278313e-06, 1.3260745713325394e-11, 3.725505776251863e-08, 2.6185558138474153e-17, 4.730277344992086e-11, 0.0]",0.1033975547526188,8.0,14.882716474360752,"[0.005793363527901412, 1.0241220813421657e-07, 7.93790990553079e-09, 1.9363826099603638e-08, -2.400710783806666e-16, 6.1967937099084734e-12, 0.0]"
ROI_51_7.jpg,esteatose,0.1437255338908559,1.0,12.05412578757652,"[0.010694929041707069, 5.5867495336860497e-05, 2.2277547589058488e-07, 3.704085836558309e-07, 1.064033382178757e-13, 2.7686027309510977e-09, 0.0]",0.1637014531021844,2.0,12.82653696814013,"[0.008456278221246892, 1.7288030179077168e-05, 1.3910186308684922e-08, 1.237299887523815e-07, 5.133090645873603e-15, 5.144553991472056e-10, 0.0]",0.1128074969384445,4.0,14.28556761767022,"[0.0073634635204335944, 2.9556661821134836e-06, 3.391068050531354e-08, 3.709246531145924e-08, -1.315518019786805e-15, 6.376955560242956e-11, 0.0]",0.1070447965001289,8.0,14.682764806849002,"[0.005744436406285512, 1.9424783887468593e-07, 3.356430660076729e-08, 1.225369505499e-08, -2.485074667483355e-16, 5.4006392220011515e-12, 0.0]"
ROI_51_8.jpg,esteatose,0.1594051882733173,1.0,12.28150081703725,"[0.009453738610206446, 4.72894042664706e-05, 4.289537221565569e-08, 8.388613988077374e-08, 5.031998879931803e-15, 5.768622662292248e-10, 0.0]",0.1793562593468062,2.0,13.049654435273348,"[0.007016622953561952, 1.3261103010852661e-05, 1.1416701352757799e-09, 2.2548750384300346e-08, 1.1440737964412177e-16, 8.211307258678316e-11, 0.0]",0.1270637419534578,4.0,14.45002459106934,"[0.006352282005060137, 3.128587965021016e-06, 9.55054983728292e-09, 6.660376549719203e-09, -5.312052543738538e-17, 1.1780750768219253e-11, 0.0]",0.0981419332218609,8.0,14.901348142106349,"[0.0043398452309295924, 2.1979218718775799e-07, 5.868084242118788e-09, 1.3012794088705468e-09, -3.595870198706341e-18, 6.100658052330145e-13, 0.0]"
ROI_51_9.jpg,esteatose,0.1864119076728278,1.0,11.958940269303952,"[0.010692936511703206, 6.249197046932977e-05, 4.0480261079135283e-07, 6.024742559458505e-07, 2.9752906223006175e-13, 4.762671235410831e-09, 0.0]",0.207219605534776,2.0,12.737159695118294,"[0.007341174767022359, 1.44471441908825e-05, 2.266638493971078e-08, 1.3738640367439635e-07, 7.666669873194644e-15, 5.221974646628929e-10, 0.0]",0.1217747021618482,4.0,14.19199630888792,"[0.005062897604027136, 1.8849514617119267e-06, 4.135866936044038e-09, 2.6417241208951664e-08, -2.7613055849834727e-16, 3.6269164174715535e-11, 0.0]",0.1208803015547798,8.0,14.678659895031169,"[0.0049017282514002974, 5.066510071151487e-07, 1.2820274035285291e-08, 1.8057361096920762e-08, -2.747451776643975e-16, 1.2853125200031135e-11, 0.0]"
ROI_50_0.jpg,esteatose,0.0831270422942007,1.0,12.953551644839974,"[0.020124433793286173, 0.00027623902817308724, 2.406857702585126e-08, 5.819442844067147e-09, 6.887273317654961e-17, 9.672170103982148e-11, 0.0]",0.1002344957000853,2.0,13.624594868758034,"[0.01748210611449065, 0.00012707699281936277, 8.110687989297773e-08, 2.008843341993431e-08, 8.10863874761765e-16, 2.264537591922999e-10, 0.0]",0.0652708267308902,4.0,15.00977408170312,"[0.017468197920383125, 5.2710930173617996e-05, 1.18427781978273e-07, 4.567172703921004e-08, 3.3589067673494267e-15, 3.315872129863547e-10, 0.0]",0.0466712275037707,8.0,15.359300712817332,"[0.013856583059783184, 9.530916282302159e-06, 7.851686506104278e-08, 4.593297784584583e-08, 2.7584707184840005e-15, 1.4180512569094735e-10, 0.0]"
ROI_50_1.jpg,esteatose,0.1255796780653113,1.0,12.830783307620589,"[0.011877116347496068, 0.000100739152861448, 6.81874628262696e-08, 6.847045829319156e-08, 4.6785052126764375e-15, 6.872304308144979e-10, 0.0]",0.1073395178231672,2.0,13.53592130638394,"[0.009657518573991343, 4.5536450892517834e-05, 2.3917846094974658e-08, 2.7079086333661572e-08, 6.891472759332343e-16, 1.8273157446476925e-10, 0.0]",0.0762564878928065,4.0,14.913047226653989,"[0.008216752597583352, 1.7894902280553378e-05, 5.7987640816918126e-09, 9.923070402300517e-09, 7.527258469166091e-17, 4.197693629051139e-11, 0.0]",0.0760669999055695,8.0,15.297520293175484,"[0.00708177601526611, 7.226449464976215e-06, 3.8100809088586027e-10, 3.8886378076317954e-09, -4.733292472803542e-18, 1.0453458015546833e-11, 0.0]"
ROI_50_2.jpg,esteatose,0.1209074264780976,1.0,12.901652560071174,"[0.012211284651289272, 0.00010461036224196435, 3.085919089681798e-08, 2.4696635997527328e-08, 6.817873965166287e-16, 2.5259523501814597e-10, 0.0]",0.0969817259760305,2.0,13.594048762902109,"[0.00795022941756806, 3.0250732773345813e-05, 5.327557092425437e-09, 4.661753589397329e-09, 2.3232076392379128e-17, 2.5639955286056948e-11, 0.0]",0.0668259990508895,4.0,14.974567870198232,"[0.00724559353105506, 1.4577075272747919e-05, 2.1860234267903304e-11, 1.0485050455263157e-09, 1.5873883656259744e-19, 4.003185573037341e-12, 0.0]",0.0510888491484586,8.0,15.338733448061951,"[0.005618289621567393, 3.94539755867478e-06, 1.2828641541481025e-09, 5.207238847331331e-11, -1.3458652592632061e-20, 1.034315145819267e-13, 0.0]"
ROI_50_3.jpg,esteatose,0.1037258499526515,1.0,12.852841233191196,"[0.012622738366296425, 9.875514973942596e-05, 6.672292226940669e-09, 1.2890885284373245e-09, 3.780607964437728e-18, 1.2810397903567708e-11, 0.0]",0.1076262943533676,2.0,13.56074790629707,"[0.008063524270650118, 2.4739497740686197e-05, 3.604935201792791e-09, 9.979634922521044e-11, 5.985779472108057e-20, 4.963752208433437e-13, 0.0]",0.0714311331470552,4.0,14.895746229075348,"[0.006730636777491137, 1.0374552980345882e-05, 9.556297237104141e-09, 1.0640298596743137e-10, 1.0729402762495755e-19, 3.4271926052635055e-13, 0.0]",0.0535776212339563,8.0,15.30082813016612,"[0.006112664914610064, 4.870849559133024e-06, 7.727357579891951e-10, 4.324214964823872e-11, -7.904536657648839e-21, 9.543542975125987e-14, 0.0]"
ROI_50_4.jpg,esteatose,0.1173720346035342,1.0,12.659464245216263,"[0.017305408390114917, 0.00019823389760443495, 4.341454159529776e-07, 7.746844761419281e-07, 4.4926738298125976e-13, 1.0907213476476568e-08, 0.0]",0.1307976595325033,2.0,13.386652861502888,"[0.011900221118786018, 6.351903264618449e-05, 3.750807543837453e-08, 1.8537876749897351e-07, 1.5457967006676873e-14, 1.4774470598844503e-09, 0.0]",0.0718908610035118,4.0,14.76942266107196,"[0.01176764853760532, 4.045771953480783e-05, 2.8078982213922125e-08, 1.84402470631452e-07, 1.3269079131496242e-14, 1.1729174166082766e-09, 0.0]",0.0812180239310054,8.0,15.17297415413641,"[0.008218882572498903, 9.498042886064769e-06, 2.8731930885299975e-10, 5.3168012316417794e-08, 2.0780598110881683e-16, 1.6385793885808028e-10, 0.0]"
ROI_50_5.jpg,esteatose,0.0975997339839971,1.0,12.697540443155347,"[0.014116466948808899, 0.0001310054762071515, 3.954618591398314e-07, 5.669699337346653e-07, 2.684678874173795e-13, 6.489403131883138e-09, 0.0]",0.1180457687704462,2.0,13.420964660396656,"[0.010978287931998712, 5.075172967592112e-05, 6.446820994878987e-08, 2.2483727941119503e-07, 2.706919172792478e-14, 1.6017463596169706e-09, 0.0]",0.0751854613033713,4.0,14.77147183289093,"[0.007638637166877443, 1.4571653478644417e-05, 4.838804762211659e-10, 6.000373423238726e-08, 3.233229018141409e-16, 2.2905126587547361e-10, 0.0]",0.0748138670514239,8.0,15.176758725501024,"[0.007600133112589134, 8.22281401203897e-06, 1.2680810453709467e-10, 5.4908446908710314e-08, -1.4488794250218e-16, 1.5745243937512326e-10, 0.0]"
ROI_50_6.jpg,esteatose,0.1399262601717484,1.0,12.536725075622538,"[0.014579889210564623, 0.00014145668903316333, 1.0521239691566713e-06, 1.3922783863197343e-06, 1.6850879739855073e-12, 1.6559141816155785e-08, 0.0]",0.1410066553061259,2.0,13.279050146571896,"[0.010507532271345972, 5.0923288741166434e-05, 1.8711106042555975e-07, 4.3129328950461973e-07, 1.2252050594682375e-13, 3.077732870085933e-09, 0.0]",0.1032405920394018,4.0,14.65093379434973,"[0.009596768112398976, 2.390275816994576e-05, 8.2176065128218e-09, 2.523966547513922e-07, 1.149471115868651e-14, 1.233978529567933e-09, 0.0]",0.0647918990399886,8.0,15.066405753438891,"[0.011024603423630033, 1.4372130331952911e-05, 6.467903786519789e-09, 3.1504672219854127e-07, -1.4221461296561917e-14, 1.1943607943179362e-09, 0.0]"
ROI_50_7.jpg,esteatose,0.1240196567377575,1.0,12.647588336892102,"[0.01472950741015813, 0.000147800089695439, 8.930678237522e-07, 1.0317326904330384e-06, 9.903598110730465e-13, 1.2543090049769458e-08, 0.0]",0.1272037368618011,2.0,13.338973806810737,"[0.012025788286100726, 6.871729656328799e-05, 2.9324103408560013e-07, 5.487729428883019e-07, 2.201412391985577e-13, 4.549102507497427e-09, 0.0]",0.0880131062080111,4.0,14.715230868727811,"[0.01091109003477436, 3.225609867044821e-05, 1.859156767088949e-08, 3.4568000846071873e-07, 2.771209771920372e-14, 1.9632706918927927e-09, 0.0]",0.0641727904629203,8.0,15.095787419939272,"[0.007883860068137247, 8.32016391194289e-06, 1.5753090547736123e-09, 9.934466606404603e-08, -1.2427956259182789e-15, 2.865566526283177e-10, 0.0]"
ROI_50_8.jpg,esteatose,0.1209885034562266,1.0,12.776974826657304,"[0.016160326301846842, 0.0001869032318213361, 2.5739153952970484e-07, 2.3399537946818997e-07, 5.742593254501602e-14, 3.199010660249481e-09, 0.0]",0.1111179387861948,2.0,13.500148332706388,"[0.009878318501274252, 4.855826076102513e-05, 6.296979510420314e-08, 5.827501747889399e-08, 3.530122357845071e-15, 4.060822193325436e-10, 0.0]",0.073853102836388,4.0,14.886203624003253,"[0.005788016306915666, 9.59860916379938e-06, 8.580047967991542e-09, 1.0953052525614087e-08, 1.061811961497182e-16, 3.3934333568065394e-11, 0.0]",0.069634921884456,8.0,15.25942095945841,"[0.0060160275920568525, 5.392775332870275e-06, 4.959844852704476e-09, 7.747299999939147e-09, 4.8024141078657225e-17, 1.7991051111346653e-11, 0.0]"
ROI_50_9.jpg,esteatose,0.1194658546197103,1.0,12.620737386703391,"[0.014506833656196249, 0.00014894262007818723, 4.646659685517711e-07, 5.521640582949794e-07, 2.7968722770716596e-13, 6.738723370025812e-09, 0.0]",0.1398862929251506,2.0,13.339203051400355,"[0.008792461569866293, 3.8303575881216516e-05, 7.637881699644864e-08, 1.1482593025946374e-07, 1.0753415394599984e-14, 7.106563361635821e-10, 0.0]",0.102350564095939,4.0,14.723497035209384,"[0.009864916437911585, 3.24223950579844e-05, 4.159714830710603e-08, 1.371156181087263e-07, 1.0355287666490237e-14, 7.807454687888839e-10, 0.0]",0.0796640897109565,8.0,15.162030176759114,"[0.008984624331966376, 1.3115675653878983e-05, 1.0174254096540018e-09, 8.22577609809953e-08, 7.525175205910106e-16, 2.9790117632702465e-10, 0.0]"
ROI_49_0.jpg,esteatose,0.1466038262837157,1.0,12.194907345195736,"[0.008988888107002805, 3.785751966279071e-05, 1.0756979286288796e-07, 9.773219883164316e-08, 1.0020783308988454e-14, 6.01331214423002e-10, 0.0]",0.122716030938546,2.0,12.95871718841159,"[0.006237066082599971, 7.039981535950247e-06, 3.303893602722374e-08, 3.1128491639942464e-08, 9.982748780824435e-16, 8.259311333741284e-11, 0.0]",0.0995344848045937,4.0,14.384868965387652,"[0.004962156103664927, 8.433882402456978e-07, 1.552675300223932e-11, 6.447111095613778e-09, 2.0398021872336894e-18, 5.920780004908003e-12, 0.0]",0.0712171141016916,8.0,14.833112371172406,"[0.004249172551360478, 3.5726185210351574e-08, 6.151192344504757e-09, 1.2003498964294187e-09, -3.26168069149427e-18, 2.26882595612609e-13, 0.0]"
ROI_49_0.jpg,esteatose,0.1080288969691975,1.0,12.705877286844782,"[0.008550952033858564, 3.4394707239203226e-05, 9.184883832367883e-08, 8.361419148570545e-08, 7.32751685241411e-15, 4.903721569984259e-10, 0.0]",0.0855796159093095,2.0,13.406128394422367,"[0.005088521837872846, 4.687777031162206e-06, 1.7954608733013285e-08, 1.6860766700438215e-08, 2.933620632911064e-16, 3.6505709420214126e-11, 0.0]",0.0715322635391628,4.0,14.783283687009646,"[0.004098540777614238, 5.582010537029276e-07, 1.6926420012657836e-11, 3.5869862991500123e-09, 8.83847083952416e-19, 2.6799398328920893e-12, 0.0]",0.0492598644211911,8.0,15.182985295710676,"[0.004364520478127039, 3.9356282146042465e-08, 6.439381332587168e-09, 1.2415767568523052e-09, -3.5106087640686744e-18, 2.4630918453640995e-13, 0.0]"
ROI_40_0.jpg,esteatose,0.0665241456264282,1.0,12.597271738046976,"[0.009478427989614603, 2.51048358171404e-05, 1.9350016002851065e-09, 6.290814074587446e-09, -2.1948302588084574e-17, 3.151995164142555e-11, 0.0]",0.0625423052416934,2.0,13.29120644228827,"[0.0074841481980672565, 2.3399339912632002e-06, 2.132061965822931e-09, 3.904863077399021e-09, -1.126700861911404e-17, 5.973207658392305e-12, 0.0]",0.0480792764636891,4.0,14.641344071757484,"[0.0063296030799323945, 1.9857570844455794e-09, 6.8327029755523415e-09, 3.2890540005651736e-09, -1.5592034132135182e-17, -1.4656627968194925e-13, 0.0]",0.0563247250268389,8.0,15.016487475999227,"[0.005804816413138787, 5.1963801269092574e-08, 5.805241763532911e-10, 3.9711163654883576e-09, -6.029469123805658e-18, -9.052386118048926e-13, 0.0]"
ROI_40_1.jpg,esteatose,0.0762784556845918,1.0,12.702622722051926,"[0.0075545421131917884, 1.4391722306756392e-05, 2.4606490701903917e-09, 1.413875923011438e-09, -2.6371922365934904e-18, 5.363739584220918e-12, 0.0]",0.0687476446099733,2.0,13.399601627231934,"[0.007230090708958256, 8.297032054363384e-07, 5.8132586269529716e-09, 5.954264280831386e-10, -1.107776078863073e-18, 5.423622964293082e-13, 0.0]",0.0441361345724468,4.0,14.735841566716129,"[0.003827340736412158, 1.316948248320607e-08, 5.956668827366421e-10, 5.891909212658331e-11, -1.1037883273335884e-20, -6.76145871714206e-15, 0.0]",0.0627762824080143,8.0,15.112161931767927,"[0.005580984783803812, 3.96762940834504e-10, 1.4350264386687998e-11, 1.1792043045939046e-09, -1.533958234317918e-19, -2.3488463386107893e-14, 0.0]"
ROI_40_2.jpg,esteatose,0.0744240569693003,1.0,12.776880269700785,"[0.00868741685909638, 2.0591033658236564e-05, 2.6468485387584543e-09, 6.010393285577187e-09, -2.3972806566699915e-17, 2.7273568484259184e-11, 0.0]",0.0769993046510784,2.0,13.457594197338226,"[0.005740083503612627, 8.897345667564601e-07, 1.8333973208150307e-09, 1.1624575395092845e-09, -1.69704728815512e-18, 1.096496703503091e-12, 0.0]",0.0439807750835334,4.0,14.81926133412529,"[0.006068404925825757, 9.00141927290415e-10, 2.2146785995552006e-09, 1.0151274700913365e-09, -1.5220756034416295e-18, 3.045622524626815e-14, 0.0]",0.0608856870932765,8.0,15.172556567065929,"[0.005083193405279164, 7.448495856801541e-09, 8.557646759001121e-10, 9.412056891196173e-10, -8.447029157844727e-19, 8.123044527281966e-14, 0.0]"
ROI_40_3.jpg,esteatose,0.0781036383977511,1.0,12.704922689581476,"[0.010368838245320236, 3.759153864165765e-05, 1.76144010486859e-08, 8.245164723079904e-08, 3.1421936368742925e-15, 5.05527036561626e-10, 0.0]",0.0698717215528653,2.0,13.40671859993506,"[0.009282701695433748, 6.787834668792137e-06, 1.146806342996145e-09, 4.4781897278860307e-08, -3.2092147330977245e-16, 1.1667239615419493e-10, 0.0]",0.0613804735988406,4.0,14.741740044215629,"[0.008167038826396949, 5.737196029336819e-09, 2.3649037181073387e-08, 2.0545634596095684e-08, -4.528830554511871e-16, 1.5562143100157308e-12, 0.0]",0.0552752051187356,8.0,15.134846280180328,"[0.006841577655610681, 2.7367827641004063e-09, 4.526585358071709e-09, 1.5505909954489047e-08, -1.2990660816378148e-16, 8.111803478717429e-13, 0.0]"
ROI_40_4.jpg,esteatose,0.0547749429925296,1.0,12.806739952897772,"[0.007746664436649921, 2.1511982568397682e-05, 2.897477305457342e-08, 3.779871281982389e-08, 1.2509084831807851e-15, 1.7531425458296107e-10, 0.0]",0.0597043270661501,2.0,13.516412584679664,"[0.005405260151139023, 2.8494329022384808e-06, 1.4782571605987553e-09, 9.049621214402081e-09, 3.3099436330537436e-17, 1.5275998917170168e-11, 0.0]",0.0576414926898702,4.0,14.834700339804524,"[0.005220492270182056, 2.1587720348205192e-07, 1.3825202925131074e-09, 5.3260596918596825e-09, -1.445256068166456e-17, 2.4746251432714984e-12, 0.0]",0.0507797861981138,8.0,15.191052770653434,"[0.004858218853617281, 6.838933406581585e-08, 1.2554457168354986e-09, 3.831207054573662e-09, -8.40238167402705e-18, 1.0019125373523872e-12, 0.0]"
ROI_40_5.jpg,esteatose,0.0557774477568553,1.0,12.75480451735226,"[0.015859568535668445, 0.00010284027533377456, 1.5051228153365125e-07, 5.5927444920925055e-08, 5.131253109931729e-15, 5.671613063141352e-10, 0.0]",0.0678408910614019,2.0,13.456971393592164,"[0.011705668560366988, 1.667255699316651e-05, 7.001712729077694e-08, 2.2736568119798224e-08, 9.071717402130283e-16, 9.283805170510233e-11, 0.0]",0.0562823178446575,4.0,14.8402510094135,"[0.008641802220070709, 1.785091879346666e-06, 2.0836672844784867e-08, 1.0369930151978124e-08, 1.5243262663008232e-16, 1.3854986862465428e-11, 0.0]",0.0547674854735183,8.0,15.186267871035298,"[0.010148809534714053, 1.4023414406582192e-06, 2.89451724886165e-10, 6.9784758602221665e-09, 9.918110482004796e-18, 8.263945884167943e-12, 0.0]"
ROI_40_6.jpg,esteatose,0.0696635112491558,1.0,12.831969055067498,"[0.01600258019518999, 8.467959990744599e-05, 2.9331539695327288e-08, 1.0562644787254046e-08, 1.859201422881959e-16, 9.719906197985772e-11, 0.0]",0.0531234057569533,2.0,13.517308911424404,"[0.012006667055454313, 6.688156945610333e-06, 5.223465480799019e-09, 5.202279572363284e-09, 2.7118764266979894e-17, 1.3453860352940218e-11, 0.0]",0.0386559988336946,4.0,14.850879333344958,"[0.010729144714847162, 3.9619978603121383e-07, 8.658891730581738e-09, 1.249934926782073e-08, 1.3003559828333397e-16, 7.867640766862335e-12, 0.0]",0.0541085772787062,8.0,15.192991243463029,"[0.008963219955216657, 4.282406616581109e-07, 7.222481320970828e-10, 3.114625438655634e-09, -4.671452671925413e-18, 2.038213984683374e-12, 0.0]"
ROI_40_7.jpg,esteatose,0.0766182095648265,1.0,12.742064260340689,"[0.009583945884371068, 2.8924507226669584e-05, 1.2439891669360682e-09, 1.2088855571545487e-08, 4.68798358885389e-17, 6.501568961087589e-11, 0.0]",0.071188654306279,2.0,13.429255103726344,"[0.00815276654440555, 4.66681330533517e-06, 9.593682144114856e-10, 4.667399563232297e-09, -9.876546995023437e-18, 1.0082893846551645e-11, 0.0]",0.0445579936602417,4.0,14.79563748818791,"[0.00712284534296217, 1.5353427193816525e-06, 1.9434572235275343e-09, 3.858242543679436e-09, -1.0565055464320218e-17, 4.780707715922681e-12, 0.0]",0.0485501486030051,8.0,15.159625269077818,"[0.006622518594944711, 6.201975801674304e-07, 5.470986409398741e-11, 1.9869904476421847e-09, -6.551284908711859e-19, 1.5648071180132477e-12, 0.0]"
ROI_40_8.jpg,esteatose,0.0572640286443389,1.0,12.866711092533082,"[0.009148288444800872, 2.9802326835533813e-05, 1.761724857210675e-13, 6.395877754122303e-09, 2.1469368615571299e-19, 3.49160607939853e-11, 0.0]",0.0562687044117028,2.0,13.542501931690316,"[0.007219674496670088, 3.5862677902467993e-06, 3.320841425381003e-09, 1.3555833937078913e-09, -2.876162561983764e-18, 2.5671284382749932e-12, 0.0]",0.0532853195773264,4.0,14.911510354953826,"[0.007528030172184962, 2.189948113946282e-07, 3.268210549280484e-09, 1.4602340512799361e-09, -3.1899855888840487e-18, 6.833439979481579e-13, 0.0]",0.0599335224155433,8.0,15.242415453851288,"[0.005687911077956151, 3.009496745414261e-07, 1.1652573900281693e-09, 9.017633009424469e-10, -9.243783563221111e-19, 4.946972496597513e-13, 0.0]"
ROI_40_9.jpg,esteatose,0.0760328034933632,1.0,12.816357154388824,"[0.010902532578335754, 5.0251147207185105e-05, 1.0275452551039597e-07, 1.439416419070578e-07, 1.7505727244796895e-14, 1.020374138257406e-09, 0.0]",0.0744200569108514,2.0,13.487785249630384,"[0.010547487813801484, 1.4485976662564202e-05, 2.4740992496312577e-08, 1.0165625032495033e-07, 5.098115710537921e-15, 3.869082381686188e-10, 0.0]",0.0564597121005562,4.0,14.88164509444985,"[0.008268372711950913, 1.541105252064244e-06, 1.8915198464381033e-09, 3.207653266630172e-08, -2.49854155221825e-16, 3.982021192769435e-11, 0.0]",0.0491422281026437,8.0,15.22323019682074,"[0.009177343322391573, 1.5759915021841504e-06, 1.7764425548559364e-08, 3.061109465346092e-08, -7.138284853152929e-16, 3.842870910980466e-11, 0.0]"
ROI_41_0.jpg,esteatose,0.0798212990391653,1.0,12.606579677925478,"[0.012266328817742377, 4.513639670976959e-05, 1.1223116531180626e-07, 3.7904895517172944e-07, 7.81807247204405e-14, 2.546588343309898e-09, 0.0]",0.066226364270196,2.0,13.368077477450392,"[0.005968086371660712, 1.804028625012609e-06, 1.1225027059115966e-09, 3.3606295722889093e-08, 2.0640711580337862e-16, 4.513800464176919e-11, 0.0]",0.0534093093305027,4.0,14.706548293956008,"[0.005135735143266658, 5.269429293781e-09, 3.336619350466046e-09, 1.0371169652734081e-08, -6.100914516759636e-17, -7.52851862717235e-13, 0.0]",0.0438184113139859,8.0,15.067731906596835,"[0.005323532306619943, 1.0165246779260226e-08, 7.613733178057619e-09, 7.823437782868698e-09, -6.038030134498307e-17, -7.887812823160708e-13, 0.0]"
ROI_41_1.jpg,esteatose,0.0839276235623394,1.0,12.488283524627713,"[0.006322598616868475, 8.520184046453269e-06, 3.3810611113311277e-10, 3.4212768952395894e-10, 1.1636137567106537e-19, 9.986486346494506e-13, 0.0]",0.071688777654023,2.0,13.170791743089364,"[0.0050309503884993344, 4.369468469604966e-07, 1.3897985179792175e-09, 4.366864778606082e-10, 3.4019704598300343e-19, 2.8865829957480365e-13, 0.0]",0.0507916086148651,4.0,14.567070330531518,"[0.004677349044967992, 7.220285515144701e-08, 2.6027474591056716e-11, 2.2705629515676202e-11, 5.519710960102582e-22, -6.101136379869444e-15, 0.0]",0.0429933136546671,8.0,14.976183075456715,"[0.00448980571228618, 6.812558811789225e-08, 1.2503291344699435e-11, 6.089457270012204e-13, -1.6802738035013666e-24, 1.5894018698437368e-16, 0.0]"
ROI_41_2.jpg,esteatose,0.0826065781778359,1.0,12.618577032060657,"[0.013049164283905606, 5.767185368301325e-05, 6.216451749551626e-08, 1.994024677112688e-07, 2.2200720872159296e-14, 1.5143019582855465e-09, 0.0]",0.0688153012664598,2.0,13.360570478948354,"[0.007185080596601521, 3.4238587354663906e-06, 6.041795208888819e-10, 1.8963455286632156e-08, -6.418879283483718e-17, 3.5089355459312186e-11, 0.0]",0.0529751483604602,4.0,14.70299886758457,"[0.005024862969660747, 1.0517241456321431e-07, 4.290687922687639e-09, 4.275785724924532e-09, -1.8314175156533108e-17, -1.386649997892243e-12, 0.0]",0.0508426614246537,8.0,15.09974160074538,"[0.004823256917597839, 3.129654887562715e-08, 6.785348283601977e-09, 3.5672794394079414e-09, -1.755059191888946e-17, -6.310813641044992e-13, 0.0]"
ROI_41_3.jpg,esteatose,0.0720825346454001,1.0,12.589663589906117,"[0.010043443193310748, 2.7389113172605024e-05, 7.74179805120819e-09, 4.14351548779331e-11, -2.346790756338641e-20, 2.1684926365474164e-13, 0.0]",0.0680848836753044,2.0,13.34850988353748,"[0.006004927711021944, 1.4817329071345584e-06, 1.2402525129560058e-09, 5.5613375642584705e-11, -1.4605752702758263e-20, 6.769618890398272e-14, 0.0]",0.0489291407569732,4.0,14.724196487861708,"[0.005675533034285212, 1.1422228772679003e-08, 4.2440191587298507e-10, 9.568714629538314e-11, -1.9282754494897294e-20, -1.0226547263026559e-14, 0.0]",0.0381472839115931,8.0,15.07925837920862,"[0.004653224853582316, 4.960804916313115e-08, 9.149030970521997e-10, 1.0742518632935651e-11, -1.0649929241821853e-21, -2.392666615615047e-15, 0.0]"
ROI_41_4.jpg,esteatose,0.0748493225729126,1.0,12.59629739696485,"[0.007492983948325018, 1.4653400237376231e-05, 9.604686920277132e-09, 8.765251859205463e-09, 8.042446967026151e-17, 3.3553173729012193e-11, 0.0]",0.0591537689856799,2.0,13.232296445287604,"[0.005288281841184482, 8.424588653829552e-07, 3.1055374392068813e-10, 2.0342498051942513e-09, 1.616868906254967e-18, 1.8671475344189695e-12, 0.0]",0.0626963027487599,4.0,14.620180728843591,"[0.00491712195205362, 1.2496779580701017e-07, 1.608982054173419e-10, 7.787010927533563e-10, -2.756333581552241e-19, -2.752769444609652e-13, 0.0]",0.0774020159015922,8.0,15.013169045775369,"[0.004002474334726626, 4.18999058789908e-08, 2.0989541742628924e-10, 1.1012542904711541e-10, -1.674298540219263e-20, -2.2542087806653746e-14, 0.0]"
ROI_41_5.jpg,esteatose,0.0623048261864959,1.0,12.625178485921476,"[0.007428012733312232, 1.3365137220825148e-05, 3.432913622287195e-09, 3.404092532091227e-10, -3.6798784458115587e-19, 1.2444804194653487e-12, 0.0]",0.0654650262838595,2.0,13.331745838544578,"[0.006334340277329001, 1.1545055279908904e-06, 2.3263337175219925e-09, 3.13676353330841e-11, -8.473418921984314e-21, 3.37038713793318e-14, 0.0]",0.0510347117664919,4.0,14.669992962426498,"[0.004190810237181208, 1.7494530404122355e-08, 3.3928870017140475e-11, 8.603268890452228e-11, -4.648147949455624e-21, 1.1379276269287867e-14, 0.0]",0.0557126102658699,8.0,15.077640291147636,"[0.004465826091269095, 2.242024298194839e-09, 1.503560087017976e-10, 2.3095697774007288e-11, -1.3609965553081194e-21, 1.0935817281478853e-15, 0.0]"
ROI_41_6.jpg,esteatose,0.080520022944839,1.0,12.53621886760524,"[0.007405924668131743, 1.6903722626936893e-05, 5.835780717579663e-10, 2.7427395673895264e-11, 3.469974953559155e-21, 1.127653703769692e-13, 0.0]",0.0614770239130272,2.0,13.244785229751816,"[0.007732128997962639, 2.6283467477811e-06, 9.110368821259285e-10, 1.0998653118621739e-11, 1.1009744421968249e-21, 1.783121083048442e-14, 0.0]",0.0714664634937372,4.0,14.635628335613566,"[0.006478896195277972, 3.203470298335965e-08, 1.2602324782501478e-09, 2.4977114783297898e-11, 4.4313773997954576e-21, -4.4704641913617196e-15, 0.0]",0.0581727575063418,8.0,15.057037702935483,"[0.005064445342168269, 1.2029193502377836e-10, 4.378381097385126e-11, 4.2681981916582475e-11, -1.845115878570495e-21, -4.681260756785697e-16, 0.0]"
ROI_41_7.jpg,esteatose,0.0743368327631353,1.0,12.405165227324437,"[0.010105256463976657, 2.5357750100742883e-05, 1.0888350157958577e-09, 6.1035429696104194e-09, -1.5734539935623192e-17, 3.0735293536238365e-11, 0.0]",0.076865255993944,2.0,13.102511083122192,"[0.0066145193674459046, 9.752737715449696e-07, 1.0095140451081831e-09, 8.389750572926443e-10, -7.721110306084004e-19, 8.285377904306454e-13, 0.0]",0.0685938787586137,4.0,14.530576618788338,"[0.005504685288063181, 1.3403065091412537e-08, 1.6292669103388638e-09, 1.5653687843952035e-10, -7.905350360146058e-20, -1.8122526042050927e-14, 0.0]",0.0549051834508608,8.0,14.929014245299522,"[0.0047907788907405255, 1.74930867546683e-08, 3.4413418115392487e-11, 3.964404056455197e-10, 4.6305307579337937e-20, -5.2433776292835845e-14, 0.0]"
ROI_41_8.jpg,esteatose,0.069080220471917,1.0,12.626859359253483,"[0.007458301489653558, 1.5754140122074895e-05, 1.6472286741816333e-10, 6.541643329081546e-16, 2.1473717670118503e-28, 2.5964754060164503e-18, 0.0]",0.0636891219462788,2.0,13.313206635046932,"[0.009122805777337125, 3.9032489328374464e-06, 6.598080378838129e-10, 6.681207718788775e-12, -4.435997188396555e-22, 1.3199822736520597e-14, 0.0]",0.0533539994090899,4.0,14.681771728169856,"[0.005491194381525372, 6.398712969293957e-09, 1.6417291396361357e-10, 9.642680384225565e-11, -1.2132419298732211e-20, -7.713368616771986e-15, 0.0]",0.0539665493792702,8.0,15.050988794362931,"[0.004560471772903109, 8.12401379291679e-08, 5.032788559438928e-10, 3.49732425080784e-11, -4.639895414748872e-21, -9.96830288287778e-15, 0.0]"
ROI_41_9.jpg,esteatose,0.0750844717260333,1.0,12.712974589092974,"[0.009969337468599977, 2.3992222705546824e-05, 6.7642505363307e-10, 4.471781967994313e-09, -7.777334405868866e-18, 2.1903618285497667e-11, 0.0]",0.0490763974993501,2.0,13.387618755523844,"[0.007982909623663171, 1.1691807519889177e-06, 2.829043793429227e-09, 1.6165507418608749e-09, -3.457035561365586e-18, 1.74795468578013e-12, 0.0]",0.0466774723916551,4.0,14.7407215853411,"[0.0065742309069510615, 7.108012918772617e-08, 1.8980221264357455e-09, 7.309438935968907e-10, -8.6094755878539995e-19, -1.9487590566044917e-13, 0.0]",0.0567999341012239,8.0,15.126985365771834,"[0.005758998657571398, 1.843987247485913e-09, 3.0751653965036143e-09, 5.941275189542753e-10, -8.030706287656547e-19, -2.5512829414039132e-14, 0.0]"
ROI_42_0.jpg,esteatose,0.0622480947260466,1.0,12.697883801506528,"[0.014741462617230637, 7.118603007661753e-05, 2.8138391957409664e-08, 5.575918547191856e-08, 2.2086366213725262e-15, 4.704503628736275e-10, 0.0]",0.0594861474677032,2.0,13.369462069636056,"[0.009455696945402443, 3.8348911302793245e-06, 1.6935172571340944e-09, 5.577186459022082e-09, -1.7140266086503818e-17, 1.0921736233282334e-11, 0.0]",0.0459195695452002,4.0,14.73302856816347,"[0.008886742412870947, 3.482021121887736e-08, 8.015641133767867e-09, 2.4209623904892533e-09, -1.0664762707218725e-17, -4.5175580652681287e-13, 0.0]",0.0426296696661494,8.0,15.117850677237971,"[0.009396118053024068, 2.1910733503932208e-07, 1.444154699079944e-08, 3.5773936365796945e-09, -2.571324891923302e-17, 1.6745386982944177e-12, 0.0]"
ROI_42_1.jpg,esteatose,0.0536346175932654,1.0,12.75685068662727,"[0.015216781292942289, 7.005596137828639e-05, 9.370762344043306e-10, 8.055182680679822e-09, -2.213097527424958e-17, 6.742142737691401e-11, 0.0]",0.0388679330776727,2.0,13.429210505518387,"[0.009540140376715507, 2.205197325980946e-06, 5.015489165228834e-09, 6.740915157577357e-10, -1.2394669184356479e-18, 1.0010196197958678e-12, 0.0]",0.0343347635538796,4.0,14.77980076186538,"[0.009953828469862936, 5.190855820409957e-07, 1.985314086675374e-09, 2.047285980281793e-09, -4.1274553198509335e-18, -1.4750202938232585e-12, 0.0]",0.0541040995442888,8.0,15.16695344420854,"[0.007978472641465681, 1.9779395188337797e-08, 4.250046425138288e-09, 1.2205735516280607e-10, -8.791090879034671e-20, 1.7166053389030042e-14, 0.0]"
ROI_42_2.jpg,esteatose,0.0595593450508426,1.0,12.690205150915151,"[0.016413490230666614, 8.275229355220251e-05, 2.0671563562579545e-09, 3.4826710036024594e-08, -2.9549853944349776e-16, 3.168126175933262e-10, 0.0]",0.0544902232046615,2.0,13.387819405830047,"[0.008643825415879889, 2.8603866066768285e-06, 5.868489279009179e-09, 2.9143868052814793e-09, -1.2052688869761885e-17, 4.929008418663885e-12, 0.0]",0.041538627912604,4.0,14.731890068593998,"[0.007210693266230597, 4.714073710218337e-09, 3.175896481991254e-09, 2.0369532565906706e-09, -5.180894678479056e-18, -1.3985540251862945e-13, 0.0]",0.0663778641359542,8.0,15.12209431051475,"[0.006995169559774264, 4.035654444254774e-09, 3.3168453731160753e-10, 3.018998998435332e-09, -3.0210441091905624e-18, 1.9178734856811643e-13, 0.0]"
ROI_42_3.jpg,esteatose,0.0594697494027394,1.0,12.811962079832934,"[0.011859019109274872, 4.522139081676815e-05, 2.525776403482076e-10, 5.563261165976602e-08, 2.0854108233895181e-16, 3.7411179934611597e-10, 0.0]",0.0471562088247005,2.0,13.50366841430978,"[0.011103404865306718, 5.1555915183813395e-06, 9.60160041223044e-09, 2.8014876336605275e-08, -4.594675859599268e-16, 6.361037560808349e-11, 0.0]",0.0269820454508035,4.0,14.858251605529684,"[0.00875754336981363, 3.193277530420974e-07, 8.593321618392425e-09, 1.1700972105572386e-08, -1.1733118290400174e-16, -6.612113145616665e-12, 0.0]",0.0365203441393582,8.0,15.188474813342328,"[0.011695157505985551, 6.164393743741737e-08, 7.112208096786088e-09, 4.841998475142505e-08, -8.985436928934283e-16, 1.2021809280469739e-11, 0.0]"
ROI_42_4.jpg,esteatose,0.061215693604285,1.0,12.80739403882303,"[0.01196976005771908, 4.687727701043997e-05, 7.412448633828926e-10, 6.374134422147764e-08, 4.381397693912464e-16, 4.3641775032432344e-10, 0.0]",0.0489390065657098,2.0,13.494305072796712,"[0.008431738956748354, 3.258331955887618e-06, 4.508822559608569e-09, 1.3351793416713315e-08, -1.0359552089817504e-16, 2.4101122384500155e-11, 0.0]",0.0316824415740564,4.0,14.850055649267407,"[0.008252763843243523, 2.1426971293281122e-07, 7.787746436560063e-09, 1.0698542183119348e-08, -9.765462271218111e-17, -4.9522777846717305e-12, 0.0]",0.0376950133770032,8.0,15.190834902445244,"[0.009894343762621901, 5.17778645790297e-08, 3.791098255034353e-09, 3.2658379360843366e-08, -3.633912488140389e-16, 7.43133256489388e-12, 0.0]"
ROI_42_5.jpg,esteatose,0.0750962002007303,1.0,12.661181312730225,"[0.014265594158047332, 7.373538061651092e-05, 8.33582393502182e-08, 2.243407389802975e-07, 3.0678667020908444e-14, 1.9263984019307717e-09, 0.0]",0.0595342515305533,2.0,13.34401797769312,"[0.009872563528849493, 1.0401796921737431e-05, 7.368021502592844e-10, 5.135845266598124e-08, 3.15931797541436e-16, 1.6564034107130997e-10, 0.0]",0.0445514358931288,4.0,14.69812091623944,"[0.008449251981015173, 3.8509221469552856e-07, 1.4431588308949016e-08, 1.634357788666179e-08, -2.510023405242623e-16, 1.0142137786693079e-11, 0.0]",0.0523634112845114,8.0,15.076711639690116,"[0.007079185662163506, 5.8153690552830896e-08, 1.3153624817070557e-09, 1.0776558947251552e-08, -4.0573538809861295e-17, 2.59877541392559e-12, 0.0]"
ROI_42_6.jpg,esteatose,0.0709992907665611,1.0,12.696124929127404,"[0.012606934952996845, 5.76023707745215e-05, 4.1703374217405114e-08, 1.1068392942624749e-07, 7.519906672687824e-15, 8.400492490516925e-10, 0.0]",0.0578486895706402,2.0,13.36280021149371,"[0.009638137154161832, 1.0238478842046949e-05, 1.7360926044170695e-10, 3.363096679174174e-08, 8.126349035306778e-17, 1.0761109999722462e-10, 0.0]",0.0463367905268396,4.0,14.722331363216744,"[0.008306570344138583, 5.440236360444554e-07, 1.1918677833467583e-08, 1.2281691700088372e-08, -1.4859401840421668e-16, 9.058724999275701e-12, 0.0]",0.0515302763141692,8.0,15.103283304306942,"[0.007223731944951168, 6.103583134205488e-08, 2.416968308177298e-09, 8.589117108720882e-09, -3.9134362561490325e-17, 2.1219783878100305e-12, 0.0]"
ROI_42_7.jpg,esteatose,0.0806152974078154,1.0,12.73170396928251,"[0.009093154358313623, 2.9786014866953188e-05, 8.4882787527523e-10, 7.559417289324718e-10, -6.055392464051382e-19, 4.125670317882625e-12, 0.0]",0.0777559182940065,2.0,13.446329286232949,"[0.005948972139281586, 2.8165066215076957e-06, 2.1833044201515746e-09, 3.442578875064861e-11, -9.438065698707535e-21, 5.777491134424425e-14, 0.0]",0.0550427287356069,4.0,14.785508776021429,"[0.005563992054432806, 3.1542608267294866e-08, 5.389577937589462e-10, 1.3772969849657737e-10, -3.752483345756385e-20, 2.4461123368570056e-14, 0.0]",0.0454816307554311,8.0,15.148498460456308,"[0.004846702156400463, 9.326999995981204e-09, 3.4577560636739427e-12, 1.8898770415504072e-10, 4.83111637958156e-21, 1.8251751093027443e-14, 0.0]"
ROI_42_8.jpg,esteatose,0.081773953918714,1.0,12.703273278575178,"[0.009195323139862916, 2.9873180935389006e-05, 7.221309603129982e-10, 1.184240340831073e-09, -1.0951352527259809e-18, 6.472627078352428e-12, 0.0]",0.0710690126796806,2.0,13.431350881818185,"[0.006428432196347261, 3.200690151838801e-06, 2.4390309859515056e-09, 1.2595717956026618e-10, -6.981408490741714e-20, 2.2534334884679554e-13, 0.0]",0.0534694564652544,4.0,14.779253275827914,"[0.005858324314665205, 3.077711210522694e-09, 1.1763380326325325e-09, 2.641500714978797e-10, -1.4724554646807675e-19, 1.4654286088285028e-14, 0.0]",0.0456653921283626,8.0,15.145938732764048,"[0.006085934907352677, 4.2367215010479065e-08, 2.606719368142316e-11, 5.286071898228242e-10, 6.205070757571507e-20, 1.0880479230217502e-13, 0.0]"
ROI_42_9.jpg,esteatose,0.0529252844203264,1.0,12.659762044375286,"[0.01403335935460696, 6.856905767629732e-05, 7.0270984953708555e-09, 5.4428674280871406e-08, 1.0644607565368233e-15, 4.5070445086261215e-10, 0.0]",0.0449908175861906,2.0,13.38117372680346,"[0.009834545628489217, 7.330306961453191e-06, 4.744857935281759e-10, 1.4440389538370628e-08, -3.779897037638333e-17, 3.909668988209536e-11, 0.0]",0.0666086104693941,4.0,14.720515865953072,"[0.0056733944910186684, 2.5171540906449143e-08, 2.4693247106437368e-09, 1.72309850117639e-09, -3.554301445773937e-18, 2.73378908863195e-13, 0.0]",0.0568622141225982,8.0,15.074658031320489,"[0.006427849966497951, 4.974460659288612e-07, 1.578324762225846e-10, 5.717917488581912e-09, 5.4319405878267356e-18, 4.032839000043813e-12, 0.0]"
ROI_21_0.jpg,esteatose,0.0591753340192547,1.0,12.79208257481697,"[0.01113264870411049, 3.630155065830397e-05, 1.6927172131042246e-08, 1.1563763014817482e-07, 5.1161230272692975e-15, 6.967256046510708e-10, 0.0]",0.0504633628084068,2.0,13.473598079209626,"[0.010213046786679093, 4.449121110149817e-06, 3.2257230421946047e-09, 4.736724110436075e-08, -5.855050879173117e-16, 9.99114366912491e-11, 0.0]",0.0346601966589241,4.0,14.788984381266504,"[0.008412662542109789, 6.809747476740571e-08, 1.558153467459322e-08, 1.5272603196267705e-08, -2.355996916531443e-16, 3.985461076816415e-12, 0.0]",0.0531785327864662,8.0,15.15446023542139,"[0.00830993463538137, 4.978142813947489e-07, 2.069961061737966e-08, 1.6656446814902506e-08, -3.0928199040052194e-16, 1.1752115152354786e-11, 0.0]"
ROI_21_1.jpg,esteatose,0.0562189419329827,1.0,12.833287820601976,"[0.013010818579177784, 5.4086123288057535e-05, 1.0679111659545859e-09, 7.283304793792191e-08, 6.423330834024577e-16, 5.356380393805377e-10, 0.0]",0.0529663783517403,2.0,13.49444140330828,"[0.008080713774394463, 4.0042063275113406e-06, 4.343208464084761e-09, 1.0174668539627039e-08, -6.763721900067756e-17, 2.0360033764932028e-11, 0.0]",0.0502918547322705,4.0,14.836917829554082,"[0.007426012737512225, 9.8081002941625e-07, 4.062969278502903e-09, 6.246846633912544e-09, -3.1471180573499665e-17, 6.186617885679366e-12, 0.0]",0.0595021876769876,8.0,15.213059214107222,"[0.0062782355064002785, 7.207793017510538e-07, 2.4017139828033605e-09, 3.1540439246519344e-09, -8.680849943375485e-18, 2.6777429871147026e-12, 0.0]"
ROI_21_2.jpg,esteatose,0.0482427244062675,1.0,12.741073920111164,"[0.013236005292461316, 4.523441181682866e-05, 2.7218130307173525e-08, 6.8573078829473005e-12, -2.9625085886511975e-21, 4.611987513972988e-14, 0.0]",0.0439754018706956,2.0,13.380168332140158,"[0.009193245441446387, 2.6179868415946144e-06, 1.4970181114945298e-08, 1.5300805127837407e-11, 7.322931189717494e-21, 2.4756999829480903e-14, 0.0]",0.0452642527218456,4.0,14.71010977833176,"[0.011393905052708743, 1.3325572930191458e-06, 5.571690803680335e-09, 7.609473126653138e-10, -1.5668426520848826e-18, 8.784105292264576e-13, 0.0]",0.0414095144580617,8.0,15.09513992471908,"[0.0107564578089947, 7.904679562502652e-07, 2.209201348284998e-09, 3.9285006714341984e-10, -3.659804588979369e-19, 3.4927617824466196e-13, 0.0]"
ROI_21_3.jpg,esteatose,0.0654179929807176,1.0,12.832969535950426,"[0.012760785726365924, 5.134171683846718e-05, 4.3689731574014224e-08, 4.6557559231295866e-08, 2.099785802280062e-15, 3.335995053647518e-10, 0.0]",0.0578072833161297,2.0,13.46305576176839,"[0.006633356687534431, 2.97243265817889e-06, 8.390929113909396e-10, 4.268057113677788e-09, 8.077005147576397e-18, 7.3584481577504e-12, 0.0]",0.0522307414725156,4.0,14.789484624795582,"[0.0066472865825420585, 8.899633383285217e-07, 3.412529369001615e-10, 2.6625733355531802e-09, 2.537993856492044e-18, 2.511814924977123e-12, 0.0]",0.0488141139241972,8.0,15.157309558998882,"[0.006821718305821292, 5.199728902465985e-07, 4.3350451747240495e-11, 1.5758062246823858e-09, -4.1186134297710813e-19, 1.1363004074764028e-12, 0.0]"
ROI_21_4.jpg,esteatose,0.0613211196082102,1.0,12.786116377991137,"[0.01036260631508376, 2.786329620669261e-05, 2.0406727400414154e-08, 4.444500831474262e-09, 4.2327358759991216e-17, 2.3460606632935983e-11, 0.0]",0.0535133005701847,2.0,13.45663346231643,"[0.01120870664212348, 3.002994150329284e-06, 7.1301339625984575e-09, 2.522529268358543e-09, 1.069801409409606e-17, 4.3713286273798436e-12, 0.0]",0.0520174458473905,4.0,14.79311016790291,"[0.005993699585330678, 4.2124104585810435e-08, 3.4698085797161256e-09, 1.1427029900388513e-09, 2.2753740665902187e-18, 2.345301627615739e-13, 0.0]",0.0469812141841973,8.0,15.152800320079784,"[0.009521256492548525, 4.3187576868184657e-07, 6.148106389879343e-10, 6.669599162809327e-10, 4.270908704907231e-19, 4.383077530954231e-13, 0.0]"
ROI_21_5.jpg,esteatose,0.0678607134789946,1.0,12.694763252179982,"[0.010039137065495432, 2.9180482181424432e-05, 1.2568194093329085e-09, 1.8001658353894827e-08, 8.562591239926549e-17, 9.724308923218083e-11, 0.0]",0.068802254648786,2.0,13.366742681876932,"[0.00756542362342474, 3.1187047692768368e-06, 2.4029796420518554e-09, 5.286911301394474e-09, -1.8844216370714433e-17, 9.336608672701604e-12, 0.0]",0.0560347312593571,4.0,14.700569625412864,"[0.009474391319432255, 1.8459162472532818e-06, 3.783740586384375e-08, 3.849291699933742e-09, -4.6454940868524375e-17, 5.229820937562374e-12, 0.0]",0.0418844195988476,8.0,15.085082892655423,"[0.0076007834224978005, 1.1177959910106598e-06, 4.688290238079038e-09, 3.498191452113624e-09, -1.4166827513225773e-17, 3.698493400424006e-12, 0.0]"
ROI_21_6.jpg,esteatose,0.0727602545467854,1.0,12.67036478315877,"[0.019927882636591628, 0.00010801865453258762, 3.6541607313781854e-08, 1.4981073246593128e-07, 1.1084298536346933e-14, 1.55701325271687e-09, 0.0]",0.0574102107943611,2.0,13.312870358900874,"[0.01309923567501291, 8.221751647667806e-06, 5.153982365692047e-09, 3.91804973656771e-08, 5.567707111808923e-16, 1.1234457916193919e-10, 0.0]",0.0508128321677725,4.0,14.679893198010006,"[0.01796104057780979, 4.4362797776126115e-06, 5.3628287169625525e-08, 4.884503774517698e-08, -2.4999287865563616e-15, 1.0287975309002834e-10, 0.0]",0.0495024424912375,8.0,15.05287987755188,"[0.014861885492069998, 2.2019709041794267e-06, 1.776886937172773e-08, 5.108994830730935e-08, -1.539334816181387e-15, 7.581257560537658e-11, 0.0]"
ROI_21_7.jpg,esteatose,0.0697882434042172,1.0,12.701615657711486,"[0.024032069247173302, 0.00014723137687174204, 2.8557684644565663e-07, 6.9497622216235076e-09, 3.0961102392314356e-16, 8.43276761946319e-11, 0.0]",0.0559866007043209,2.0,13.349624747184643,"[0.019765163646081736, 1.1720314815175867e-05, 1.2773224267438312e-07, 7.755236917356421e-10, 7.718677102509459e-18, 2.65500111860787e-12, 0.0]",0.0400010481143342,4.0,14.67585170754924,"[0.011363488819205536, 1.4878725724666173e-06, 1.6058462829212247e-09, 2.34198247819341e-09, -4.541794161457373e-18, 2.856712338359331e-12, 0.0]",0.0486468584845637,8.0,15.046018693242983,"[0.015984471028129603, 2.537692430492305e-06, 1.3132845203291151e-08, 3.716601214510826e-09, -2.596559981144554e-17, 5.920596397970556e-12, 0.0]"
ROI_21_8.jpg,esteatose,0.0567202374597192,1.0,12.817545147481283,"[0.01071299244277805, 2.9797457628015875e-05, 4.899762596897054e-09, 2.1730143576339113e-08, 2.2422364735795436e-16, 1.186184381182606e-10, 0.0]",0.057691205558015,2.0,13.46608178967111,"[0.008345047787324481, 1.9388651450778625e-06, 1.3177359617367433e-09, 3.938164120901604e-09, -8.971290418401256e-18, 5.483623297388909e-12, 0.0]",0.0456914228355733,4.0,14.77609561303283,"[0.010208295783505865, 3.6026878766405466e-08, 3.5406720754541455e-09, 4.924471593535575e-09, -2.0562802667259043e-17, 9.347015344518234e-13, 0.0]",0.0406512345452891,8.0,15.147362214496654,"[0.007394475122831886, 1.375698768046e-07, 3.822690266536733e-09, 7.950623338933568e-10, -1.3860737035489933e-18, 2.9489190662841954e-13, 0.0]"
ROI_21_9.jpg,esteatose,0.0588228939965387,1.0,12.771902876054728,"[0.011591143597029365, 3.764755064589894e-05, 5.230256641020245e-08, 3.647973442568193e-08, 1.593452059188943e-15, 2.2383089490821242e-10, 0.0]",0.0487816230242742,2.0,13.45403145231341,"[0.010500682542165875, 2.883287119426638e-06, 1.0555850613498128e-08, 1.8958940898469832e-08, 2.6820552919848206e-16, 3.219274567532492e-11, 0.0]",0.0505959694989466,4.0,14.783394442703749,"[0.007128468044604045, 1.7680695879868064e-07, 3.096063048656874e-10, 3.330756264901911e-09, -3.3823549265155427e-18, 1.4005303689822052e-12, 0.0]",0.0598763195695431,8.0,15.127815182340797,"[0.008197639141229937, 3.782018716641471e-07, 1.0806837744337923e-10, 9.796932376201842e-09, 1.0080555869401345e-17, 6.024929191684167e-12, 0.0]"
ROI_22_0.jpg,esteatose,0.0641611758410928,1.0,12.763332475838553,"[0.01900082361984387, 9.471616895265954e-05, 1.0644266297434372e-09, 2.0679195502096752e-07, 3.0680209734667817e-15, 2.0125454679446137e-09, 0.0]",0.0534314756815586,2.0,13.44330196551148,"[0.014836088720093225, 9.11365527295691e-06, 1.643038816492603e-08, 6.290308115904538e-08, -2.022235779579182e-15, 1.8989704970633434e-10, 0.0]",0.0415100793476381,4.0,14.796028124698983,"[0.011271681788021383, 8.537463275844538e-07, 4.0758644101719294e-08, 1.3631373698078466e-08, -3.2130634360250466e-16, 1.259517042294484e-11, 0.0]",0.0451157529947704,8.0,15.152098130946646,"[0.011143880960299222, 1.13097776045808e-07, 1.8893292479935376e-08, 2.2143972848590195e-08, -4.529363065135548e-16, 7.447020901861754e-12, 0.0]"
ROI_22_1.jpg,esteatose,0.0691009968722105,1.0,12.737142096050404,"[0.012368346933865989, 4.481860834806283e-05, 1.3132446097610331e-08, 1.4568884454938482e-10, -2.0151726574603773e-19, 9.75338758039379e-13, 0.0]",0.0559583716573702,2.0,13.414156072699786,"[0.018055322133420437, 1.9632598961132964e-05, 2.181377727455721e-08, 3.4686307274688343e-09, -3.017189153800995e-17, 1.5369047918911783e-11, 0.0]",0.0486313881652894,4.0,14.745200306628991,"[0.016245441673221776, 3.4764683235596318e-06, 1.991238032770912e-09, 1.1702924237143303e-08, -5.649411108966722e-17, 2.182044141066875e-11, 0.0]",0.048780972807643,8.0,15.111364632721486,"[0.010500609012515282, 1.22799221930471e-07, 5.270444298625841e-09, 2.759829728658859e-10, -3.328488391811981e-19, 9.671194020486183e-14, 0.0]"
ROI_22_2.jpg,esteatose,0.0721036382692752,1.0,12.695549413858313,"[0.01575605511257814, 8.521327488460489e-05, 1.7420897050650905e-07, 2.762479645113918e-07, 6.060157162027838e-14, 2.5500735978089313e-09, 0.0]",0.0715244958665939,2.0,13.398407986451849,"[0.011804726336493442, 1.2304374668506758e-05, 3.5877650894487326e-08, 8.954059787029707e-08, 5.075069390501038e-15, 3.1408685676122903e-10, 0.0]",0.0482955932616207,4.0,14.75555196803476,"[0.009455314492879473, 1.066168089290108e-06, 3.888183022493056e-12, 2.1018790180153714e-08, 6.00876088833926e-18, 2.1703039197532973e-11, 0.0]",0.0399725844975752,8.0,15.13375870699662,"[0.010609080711742415, 3.606147108789956e-07, 4.2401893444310556e-09, 2.383781324167457e-08, -2.3965817320988495e-16, 1.431489387267213e-11, 0.0]"
ROI_22_3.jpg,esteatose,0.0776321728058314,1.0,12.764472939885293,"[0.010109646165733652, 2.957284513090487e-05, 1.703511793498028e-08, 6.944443275416588e-08, 2.388519132806855e-15, 3.776452175918323e-10, 0.0]",0.0634621357036685,2.0,13.438129411251008,"[0.007172636826683547, 1.8090595770560306e-06, 4.914585326724655e-10, 1.5789028272716315e-08, -4.398215892030241e-17, 2.123644597680588e-11, 0.0]",0.0484690526646936,4.0,14.752246692668162,"[0.007321089380508087, 2.9587764841714346e-08, 2.1216826498620764e-09, 1.5086985741605297e-08, -8.535794135436229e-17, -2.5951266589116103e-12, 0.0]",0.060878724565304,8.0,15.116127585207646,"[0.0063594048219527, 1.7900637210662302e-09, 5.985104850117743e-09, 6.7955125020532776e-09, -4.33380339245345e-17, 2.8751232142439996e-13, 0.0]"
ROI_22_4.jpg,esteatose,0.0717742811594834,1.0,12.70083228710017,"[0.012049141013471022, 3.87262821848617e-05, 2.194430451476989e-08, 8.094997187685799e-08, 3.411818846970359e-15, 5.037552729439762e-10, 0.0]",0.0672150856689043,2.0,13.374232391468157,"[0.012497178866845796, 5.8796398282660866e-06, 1.1575981334776267e-09, 5.398419463824352e-08, -4.2675522688510824e-16, 1.3090070582655136e-10, 0.0]",0.0555123275520339,4.0,14.729716735124455,"[0.006150099059378004, 3.177162303699188e-07, 3.076500967492511e-09, 4.379540359096205e-09, -1.6075753095522858e-17, 2.4685858395334504e-12, 0.0]",0.0634887413477418,8.0,15.109443095852736,"[0.006390906354531518, 2.2110853786156026e-08, 3.275147124174226e-09, 5.209188279063319e-09, -2.1516443576906185e-17, 7.745916500337061e-13, 0.0]"
ROI_22_5.jpg,esteatose,0.0671361089262795,1.0,12.669682244647207,"[0.0077250110064184625, 1.523895649819378e-05, 1.3336841298934429e-09, 4.950609203162577e-09, 1.2720801006835194e-17, 1.9325745654320446e-11, 0.0]",0.0515980656691782,2.0,13.35996221685048,"[0.006568608857806964, 1.4525067461317096e-06, 2.52294097835773e-09, 4.0442917832013374e-09, 1.2918654008224832e-17, 4.8741799640470544e-12, 0.0]",0.0533267616671076,4.0,14.68950910984752,"[0.0053444668358248945, 9.255853813090494e-08, 1.8260142084323548e-10, 1.3186760900473443e-09, 6.470819325067188e-19, 4.011865596723692e-13, 0.0]",0.048158080463652,8.0,15.068600555244128,"[0.00543968125295393, 2.1488118120704936e-09, 1.3175518038955011e-10, 4.1173033336183257e-10, -9.5896585918981e-20, -1.9085874124477094e-14, 0.0]"
ROI_22_6.jpg,esteatose,0.0675856049150079,1.0,12.736849827285264,"[0.016654063541963426, 7.302464431370997e-05, 3.0146422947309245e-10, 2.4804970241706006e-08, -6.783064698391252e-17, 2.1196952934145437e-10, 0.0]",0.0630197553034493,2.0,13.415397308513246,"[0.014475968287682621, 5.477065337070445e-06, 5.4701561994102576e-11, 2.4018924688301005e-08, -2.753152096831889e-17, 5.621180374206574e-11, 0.0]",0.0448721458250043,4.0,14.761555943056193,"[0.011795900411021862, 1.198802324623308e-09, 1.1208951704443276e-08, 8.833169769391602e-09, -8.789362271042113e-17, 3.058372399210669e-13, 0.0]",0.0504966868726789,8.0,15.11798710466369,"[0.007649727164725581, 1.8204359556090008e-07, 5.452431129487384e-09, 6.812509588681258e-10, -1.3129729661970577e-18, -2.906663980844336e-13, 0.0]"
ROI_22_7.jpg,esteatose,0.0631909777889765,1.0,12.689998383013965,"[0.012834395786406822, 4.119971871856753e-05, 2.8184645772821462e-09, 5.407059246463214e-09, 2.110804361498264e-17, 3.470629498806815e-11, 0.0]",0.065897999126856,2.0,13.35960561061622,"[0.0089021716675372, 1.943841210261091e-06, 4.095095380330286e-10, 1.607005861432789e-09, 1.30364157412065e-18, 2.240514987452392e-12, 0.0]",0.0409717067303018,4.0,14.71508964810916,"[0.009235986407934839, 2.6819652116833336e-07, 9.21747852085942e-09, 2.0909257588158275e-10, 2.9027790928742577e-19, -1.0828422260403277e-13, 0.0]",0.0475773429920632,8.0,15.09046999066094,"[0.009393179978192235, 9.477616507643762e-09, 7.205890018791138e-11, 1.1269820306390257e-10, 1.0155920715474287e-20, 1.0971513892334123e-14, 0.0]"
ROI_22_8.jpg,esteatose,0.0715638114032811,1.0,12.705977731733416,"[0.020850457838749923, 0.00010226542846679584, 6.305261815860401e-08, 5.124131676086222e-07, 9.210474073847965e-14, 5.1818483928321865e-09, 0.0]",0.070451033569569,2.0,13.381057645868832,"[0.017386031688553433, 3.477900028968173e-06, 8.743840702121815e-08, 1.378031318072323e-07, -1.51265452223363e-14, 2.569908346349711e-10, 0.0]",0.0449224814937185,4.0,14.735919214485044,"[0.01200584945085551, 2.811719269494636e-07, 5.7547970419637775e-08, 2.850071275828704e-08, -1.1542465565670223e-15, -1.5112687419580345e-11, 0.0]",0.0566282282041553,8.0,15.095508662472724,"[0.008140287462998734, 1.8737299985179207e-08, 8.530269597549465e-09, 9.341043794076854e-09, -8.338241912489632e-17, -1.2786418451822616e-12, 0.0]"
ROI_22_9.jpg,esteatose,0.07179463570176059,1.0,12.613012687309407,"[0.017711920695126362, 7.951715028314963e-05, 9.37214800327921e-11, 2.42268095189425e-08, -3.650597114779016e-17, 2.1603624919365615e-10, 0.0]",0.07225117419137606,2.0,13.300618981919305,"[0.011430545422350794, 4.53392289325046e-06, 7.591248324602787e-11, 5.0095171669000334e-09, -3.0892311328909496e-18, 1.0666770083152766e-11, 0.0]",0.04679761022752872,4.0,14.630390995432085,"[0.011525404445428926, 4.9138654954571175e-08, 1.0570621700602107e-08, 2.4383681561999536e-09, -1.2379388210840018e-17, 5.405189324487504e-13, 0.0]",0.051827938768286126,8.0,14.983634783699507,"[0.009095710069622816, 3.6431454148779936e-07, 3.8137703587455056e-10, 2.4955498396213323e-09, -2.4345945256618476e-18, -1.5062758075691078e-12, 0.0]"
